datetime,latitude,longitude,PM25_emission_kg_s,PM10_emission_kg_s,CO_emission_kg_s,NOx_emission_kg_s,VOC_emission_kg_s
2026-10-15 00:00:00,29.2,76.4,0.25,0.35,1.2,0.05,0.1
2026-10-15 00:00:00,29.3,76.6,0.8,1.1,4.0,0.18,0.35
2026-10-15 00:00:00,29.5,76.1,0.45,0.65,2.3,0.1,0.2
2026-10-15 00:00:00,29.8,75.8,0.3,0.45,1.5,0.07,0.12
2026-10-15 01:00:00,29.2,76.4,0.22272467953508482,0.31181455134911873,1.069078461768407,0.04454493590701697,0.08908987181403394
2026-10-15 01:00:00,29.3,76.6,0.7127189745122715,0.9799885899543733,3.563594872561357,0.16036176926526105,0.31181455134911873
2026-10-15 01:00:00,29.5,76.1,0.40090442316315267,0.5790841667912205,2.0490670517227803,0.08908987181403394,0.17817974362806788
2026-10-15 01:00:00,29.8,75.8,0.26726961544210176,0.40090442316315267,1.336348077210509,0.062362910269823754,0.10690784617684071
2026-10-15 02:00:00,29.2,76.4,0.19842513149602495,0.27779518409443493,0.9524406311809197,0.03968502629920499,0.07937005259840998
2026-10-15 02:00:00,29.3,76.6,0.6349604207872799,0.8730705785825098,3.174802103936399,0.14286609467713796,0.27779518409443493
2026-10-15 02:00:00,29.5,76.1,0.3571652366928449,0.5159053418896649,1.8255112097634294,0.07937005259840998,0.15874010519681997
2026-10-15 02:00:00,29.8,75.8,0.23811015779522993,0.3571652366928449,1.1905507889761497,0.05555903681888699,0.09524406311809197
2026-10-15 03:00:00,29.2,76.4,0.1767766952966369,0.24748737341529164,0.848528137423857,0.03535533905932738,0.07071067811865477
2026-10-15 03:00:00,29.3,76.6,0.5656854249492381,0.7778174593052024,2.8284271247461903,0.12727922061357855,0.24748737341529164
2026-10-15 03:00:00,29.5,76.1,0.3181980515339464,0.45961940777125593,1.6263455967290592,0.07071067811865477,0.14142135623730953
2026-10-15 03:00:00,29.8,75.8,0.21213203435596426,0.3181980515339464,1.0606601717798214,0.04949747468305833,0.08485281374238571
2026-10-15 04:00:00,29.2,76.4,0.15749013123685915,0.22048618373160278,0.7559526299369239,0.03149802624737183,0.06299605249474366
2026-10-15 04:00:00,29.3,76.6,0.5039684199579493,0.6929565774421803,2.5198420997897464,0.11339289449053858,0.22048618373160278
2026-10-15 04:00:00,29.5,76.1,0.2834822362263465,0.4094743412158338,1.4489092073791041,0.06299605249474366,0.12599210498948732
2026-10-15 04:00:00,29.8,75.8,0.18898815748423098,0.2834822362263465,0.9449407874211548,0.044097236746320566,0.07559526299369239
2026-10-15 05:00:00,29.2,76.4,0.14030775603867163,0.19643085845414027,0.6734772289856238,0.028061551207734327,0.056123102415468654
2026-10-15 05:00:00,29.3,76.6,0.44898481932374923,0.6173541265701552,2.244924096618746,0.10102158434784357,0.19643085845414027
2026-10-15 05:00:00,29.5,76.1,0.25255396086960896,0.36480016570054624,1.2908313555557789,0.056123102415468654,0.11224620483093731
2026-10-15 05:00:00,29.8,75.8,0.16836930724640595,0.25255396086960896,0.8418465362320298,0.039286171690828056,0.06734772289856238
2026-10-15 06:00:00,29.2,76.4,0.125,0.175,0.6,0.025,0.05
2026-10-15 06:00:00,29.3,76.6,0.4,0.55,2.0,0.09,0.175
2026-10-15 06:00:00,29.5,76.1,0.225,0.325,1.15,0.05,0.1
2026-10-15 06:00:00,29.8,75.8,0.15,0.225,0.75,0.035,0.06
2026-10-15 07:00:00,29.2,76.4,0.11136233976754241,0.15590727567455936,0.5345392308842035,0.022272467953508485,0.04454493590701697
2026-10-15 07:00:00,29.3,76.6,0.35635948725613575,0.48999429497718666,1.7817974362806785,0.08018088463263053,0.15590727567455936
2026-10-15 07:00:00,29.5,76.1,0.20045221158157633,0.2895420833956103,1.0245335258613901,0.04454493590701697,0.08908987181403394
2026-10-15 07:00:00,29.8,75.8,0.13363480772105088,0.20045221158157633,0.6681740386052545,0.031181455134911877,0.053453923088420355
2026-10-15 08:00:00,29.2,76.4,0.09921256574801247,0.13889759204721747,0.47622031559045985,0.019842513149602496,0.03968502629920499
2026-10-15 08:00:00,29.3,76.6,0.31748021039363994,0.4365352892912549,1.5874010519681996,0.07143304733856898,0.13889759204721747
2026-10-15 08:00:00,29.5,76.1,0.17858261834642244,0.25795267094483243,0.9127556048817147,0.03968502629920499,0.07937005259840998
2026-10-15 08:00:00,29.8,75.8,0.11905507889761496,0.17858261834642244,0.5952753944880749,0.027779518409443496,0.047622031559045985
2026-10-15 09:00:00,29.2,76.4,0.08838834764831845,0.12374368670764582,0.4242640687119285,0.01767766952966369,0.03535533905932738
2026-10-15 09:00:00,29.3,76.6,0.28284271247461906,0.3889087296526012,1.4142135623730951,0.06363961030678927,0.12374368670764582
2026-10-15 09:00:00,29.5,76.1,0.1590990257669732,0.22980970388562796,0.8131727983645296,0.03535533905932738,0.07071067811865477
2026-10-15 09:00:00,29.8,75.8,0.10606601717798213,0.1590990257669732,0.5303300858899107,0.024748737341529166,0.042426406871192854
2026-10-15 10:00:00,29.2,76.4,0.25,0.35,1.2,0.05,0.1
2026-10-15 10:00:00,29.3,76.6,0.8,1.1,4.0,0.18,0.35
2026-10-15 10:00:00,29.5,76.1,0.45,0.65,2.3,0.1,0.2
2026-10-15 10:00:00,29.8,75.8,0.3,0.45,1.5,0.07,0.12
2026-10-15 11:00:00,29.2,76.4,0.22272467953508482,0.31181455134911873,1.069078461768407,0.04454493590701697,0.08908987181403394
2026-10-15 11:00:00,29.3,76.6,0.7127189745122715,0.9799885899543733,3.563594872561357,0.16036176926526105,0.31181455134911873
2026-10-15 11:00:00,29.5,76.1,0.40090442316315267,0.5790841667912205,2.0490670517227803,0.08908987181403394,0.17817974362806788
2026-10-15 11:00:00,29.8,75.8,0.26726961544210176,0.40090442316315267,1.336348077210509,0.062362910269823754,0.10690784617684071
2026-10-15 12:00:00,29.2,76.4,0.19842513149602495,0.27779518409443493,0.9524406311809197,0.03968502629920499,0.07937005259840998
2026-10-15 12:00:00,29.3,76.6,0.6349604207872799,0.8730705785825098,3.174802103936399,0.14286609467713796,0.27779518409443493
2026-10-15 12:00:00,29.5,76.1,0.3571652366928449,0.5159053418896649,1.8255112097634294,0.07937005259840998,0.15874010519681997
2026-10-15 12:00:00,29.8,75.8,0.23811015779522993,0.3571652366928449,1.1905507889761497,0.05555903681888699,0.09524406311809197
2026-10-15 13:00:00,29.2,76.4,0.1767766952966369,0.24748737341529164,0.848528137423857,0.03535533905932738,0.07071067811865477
2026-10-15 13:00:00,29.3,76.6,0.5656854249492381,0.7778174593052024,2.8284271247461903,0.12727922061357855,0.24748737341529164
2026-10-15 13:00:00,29.5,76.1,0.3181980515339464,0.45961940777125593,1.6263455967290592,0.07071067811865477,0.14142135623730953
2026-10-15 13:00:00,29.8,75.8,0.21213203435596426,0.3181980515339464,1.0606601717798214,0.04949747468305833,0.08485281374238571
2026-10-15 14:00:00,29.2,76.4,0.15749013123685915,0.22048618373160278,0.7559526299369239,0.03149802624737183,0.06299605249474366
2026-10-15 14:00:00,29.3,76.6,0.5039684199579493,0.6929565774421803,2.5198420997897464,0.11339289449053858,0.22048618373160278
2026-10-15 14:00:00,29.5,76.1,0.2834822362263465,0.4094743412158338,1.4489092073791041,0.06299605249474366,0.12599210498948732
2026-10-15 14:00:00,29.8,75.8,0.18898815748423098,0.2834822362263465,0.9449407874211548,0.044097236746320566,0.07559526299369239
2026-10-15 15:00:00,29.2,76.4,0.14030775603867163,0.19643085845414027,0.6734772289856238,0.028061551207734327,0.056123102415468654
2026-10-15 15:00:00,29.3,76.6,0.44898481932374923,0.6173541265701552,2.244924096618746,0.10102158434784357,0.19643085845414027
2026-10-15 15:00:00,29.5,76.1,0.25255396086960896,0.36480016570054624,1.2908313555557789,0.056123102415468654,0.11224620483093731
2026-10-15 15:00:00,29.8,75.8,0.16836930724640595,0.25255396086960896,0.8418465362320298,0.039286171690828056,0.06734772289856238
2026-10-15 16:00:00,29.2,76.4,0.125,0.175,0.6,0.025,0.05
2026-10-15 16:00:00,29.3,76.6,0.4,0.55,2.0,0.09,0.175
2026-10-15 16:00:00,29.5,76.1,0.225,0.325,1.15,0.05,0.1
2026-10-15 16:00:00,29.8,75.8,0.15,0.225,0.75,0.035,0.06
2026-10-15 17:00:00,29.2,76.4,0.11136233976754241,0.15590727567455936,0.5345392308842035,0.022272467953508485,0.04454493590701697
2026-10-15 17:00:00,29.3,76.6,0.35635948725613575,0.48999429497718666,1.7817974362806785,0.08018088463263053,0.15590727567455936
2026-10-15 17:00:00,29.5,76.1,0.20045221158157633,0.2895420833956103,1.0245335258613901,0.04454493590701697,0.08908987181403394
2026-10-15 17:00:00,29.8,75.8,0.13363480772105088,0.20045221158157633,0.6681740386052545,0.031181455134911877,0.053453923088420355
2026-10-15 18:00:00,29.2,76.4,0.09921256574801247,0.13889759204721747,0.47622031559045985,0.019842513149602496,0.03968502629920499
2026-10-15 18:00:00,29.3,76.6,0.31748021039363994,0.4365352892912549,1.5874010519681996,0.07143304733856898,0.13889759204721747
2026-10-15 18:00:00,29.5,76.1,0.17858261834642244,0.25795267094483243,0.9127556048817147,0.03968502629920499,0.07937005259840998
2026-10-15 18:00:00,29.8,75.8,0.11905507889761496,0.17858261834642244,0.5952753944880749,0.027779518409443496,0.047622031559045985
2026-10-15 19:00:00,29.2,76.4,0.08838834764831845,0.12374368670764582,0.4242640687119285,0.01767766952966369,0.03535533905932738
2026-10-15 19:00:00,29.3,76.6,0.28284271247461906,0.3889087296526012,1.4142135623730951,0.06363961030678927,0.12374368670764582
2026-10-15 19:00:00,29.5,76.1,0.1590990257669732,0.22980970388562796,0.8131727983645296,0.03535533905932738,0.07071067811865477
2026-10-15 19:00:00,29.8,75.8,0.10606601717798213,0.1590990257669732,0.5303300858899107,0.024748737341529166,0.042426406871192854
2026-10-15 20:00:00,29.2,76.4,0.07874506561842957,0.11024309186580139,0.37797631496846196,0.015749013123685915,0.03149802624737183
2026-10-15 20:00:00,29.3,76.6,0.25198420997897464,0.34647828872109016,1.2599210498948732,0.05669644724526929,0.11024309186580139
2026-10-15 20:00:00,29.5,76.1,0.14174111811317325,0.2047371706079169,0.7244546036895521,0.03149802624737183,0.06299605249474366
2026-10-15 20:00:00,29.8,75.8,0.09449407874211549,0.14174111811317325,0.4724703937105774,0.022048618373160283,0.037797631496846194
2026-10-15 21:00:00,29.2,76.4,0.07015387801933581,0.09821542922707013,0.3367386144928119,0.014030775603867163,0.028061551207734327
2026-10-15 21:00:00,29.3,76.6,0.22449240966187461,0.3086770632850776,1.122462048309373,0.050510792173921785,0.09821542922707013
2026-10-15 21:00:00,29.5,76.1,0.12627698043480448,0.18240008285027312,0.6454156777778894,0.028061551207734327,0.056123102415468654
2026-10-15 21:00:00,29.8,75.8,0.08418465362320297,0.12627698043480448,0.4209232681160149,0.019643085845414028,0.03367386144928119
2026-10-15 22:00:00,29.2,76.4,0.0625,0.0875,0.3,0.0125,0.025
2026-10-15 22:00:00,29.3,76.6,0.2,0.275,1.0,0.045,0.0875
2026-10-15 22:00:00,29.5,76.1,0.1125,0.1625,0.575,0.025,0.05
2026-10-15 22:00:00,29.8,75.8,0.075,0.1125,0.375,0.0175,0.03
2026-10-15 23:00:00,29.2,76.4,0.05568116988377121,0.0779536378372797,0.2672696154421018,0.011136233976754242,0.022272467953508485
2026-10-15 23:00:00,29.3,76.6,0.17817974362806788,0.24499714748859336,0.8908987181403394,0.04009044231631527,0.0779536378372797
2026-10-15 23:00:00,29.5,76.1,0.10022610579078818,0.14477104169780516,0.5122667629306951,0.022272467953508485,0.04454493590701697
2026-10-15 23:00:00,29.8,75.8,0.06681740386052545,0.10022610579078818,0.3340870193026273,0.01559072756745594,0.02672696154421018
2026-10-16 00:00:00,29.2,76.4,0.04960628287400623,0.06944879602360872,0.2381101577952299,0.009921256574801246,0.019842513149602493
2026-10-16 00:00:00,29.3,76.6,0.15874010519681994,0.21826764464562742,0.7937005259840997,0.03571652366928448,0.06944879602360872
2026-10-16 00:00:00,29.5,76.1,0.08929130917321122,0.12897633547241621,0.4563778024408573,0.019842513149602493,0.039685026299204985
2026-10-16 00:00:00,29.8,75.8,0.059527539448807475,0.08929130917321122,0.2976376972440374,0.013889759204721746,0.02381101577952299
2026-10-16 01:00:00,29.2,76.4,0.04419417382415922,0.06187184335382291,0.21213203435596426,0.008838834764831846,0.01767766952966369
2026-10-16 01:00:00,29.3,76.6,0.14142135623730953,0.1944543648263006,0.7071067811865476,0.03181980515339464,0.06187184335382291
2026-10-16 01:00:00,29.5,76.1,0.0795495128834866,0.11490485194281398,0.4065863991822648,0.01767766952966369,0.03535533905932738
2026-10-16 01:00:00,29.8,75.8,0.053033008588991064,0.0795495128834866,0.26516504294495535,0.012374368670764583,0.021213203435596427
2026-10-16 02:00:00,29.2,76.4,0.03937253280921479,0.055121545932900695,0.18898815748423098,0.007874506561842957,0.015749013123685915
2026-10-16 02:00:00,29.3,76.6,0.12599210498948732,0.17323914436054508,0.6299605249474366,0.028348223622634644,0.055121545932900695
2026-10-16 02:00:00,29.5,76.1,0.07087055905658662,0.10236858530395845,0.36222730184477603,0.015749013123685915,0.03149802624737183
2026-10-16 02:00:00,29.8,75.8,0.047247039371057745,0.07087055905658662,0.2362351968552887,0.011024309186580141,0.018898815748423097
2026-10-16 03:00:00,29.2,76.4,0.0350769390096679,0.04910771461353506,0.16836930724640592,0.00701538780193358,0.01403077560386716
2026-10-16 03:00:00,29.3,76.6,0.11224620483093728,0.15433853164253877,0.5612310241546864,0.025255396086960886,0.04910771461353506
2026-10-16 03:00:00,29.5,76.1,0.06313849021740223,0.09120004142513655,0.32270783888894466,0.01403077560386716,0.02806155120773432
2026-10-16 03:00:00,29.8,75.8,0.04209232681160148,0.06313849021740223,0.21046163405800739,0.009821542922707012,0.01683693072464059
2026-10-16 04:00:00,29.2,76.4,0.03125,0.04375,0.15,0.00625,0.0125
2026-10-16 04:00:00,29.3,76.6,0.1,0.1375,0.5,0.0225,0.04375
2026-10-16 04:00:00,29.5,76.1,0.05625,0.08125,0.2875,0.0125,0.025
2026-10-16 04:00:00,29.8,75.8,0.0375,0.05625,0.1875,0.00875,0.015
2026-10-16 05:00:00,29.2,76.4,0.027840584941885606,0.03897681891863985,0.1336348077210509,0.005568116988377121,0.011136233976754242
2026-10-16 05:00:00,29.3,76.6,0.08908987181403394,0.12249857374429668,0.4454493590701697,0.020045221158157635,0.03897681891863985
2026-10-16 05:00:00,29.5,76.1,0.05011305289539409,0.07238552084890258,0.25613338146534753,0.011136233976754242,0.022272467953508485
2026-10-16 05:00:00,29.8,75.8,0.03340870193026273,0.05011305289539409,0.16704350965131365,0.00779536378372797,0.01336348077210509
2026-10-16 06:00:00,29.2,76.4,0.024803141437003115,0.03472439801180436,0.11905507889761495,0.004960628287400623,0.009921256574801246
2026-10-16 06:00:00,29.3,76.6,0.07937005259840997,0.10913382232281371,0.39685026299204984,0.01785826183464224,0.03472439801180436
2026-10-16 06:00:00,29.5,76.1,0.04464565458660561,0.06448816773620811,0.22818890122042865,0.009921256574801246,0.019842513149602493
2026-10-16 06:00:00,29.8,75.8,0.029763769724403737,0.04464565458660561,0.1488188486220187,0.006944879602360873,0.011905507889761495
2026-10-16 07:00:00,29.2,76.4,0.02209708691207961,0.030935921676911456,0.10606601717798213,0.004419417382415923,0.008838834764831846
2026-10-16 07:00:00,29.3,76.6,0.07071067811865477,0.0972271824131503,0.3535533905932738,0.01590990257669732,0.030935921676911456
2026-10-16 07:00:00,29.5,76.1,0.0397747564417433,0.05745242597140699,0.2032931995911324,0.008838834764831846,0.01767766952966369
2026-10-16 07:00:00,29.8,75.8,0.026516504294495532,0.0397747564417433,0.13258252147247768,0.0061871843353822915,0.010606601717798213
2026-10-16 08:00:00,29.2,76.4,0.019686266404607394,0.027560772966450348,0.09449407874211549,0.003937253280921479,0.007874506561842957
2026-10-16 08:00:00,29.3,76.6,0.06299605249474366,0.08661957218027254,0.3149802624737183,0.014174111811317322,0.027560772966450348
2026-10-16 08:00:00,29.5,76.1,0.03543527952829331,0.05118429265197923,0.18111365092238801,0.007874506561842957,0.015749013123685915
2026-10-16 08:00:00,29.8,75.8,0.023623519685528872,0.03543527952829331,0.11811759842764435,0.005512154593290071,0.009449407874211549
2026-10-16 09:00:00,29.2,76.4,0.01753846950483395,0.02455385730676753,0.08418465362320296,0.00350769390096679,0.00701538780193358
2026-10-16 09:00:00,29.3,76.6,0.05612310241546864,0.07716926582126939,0.2806155120773432,0.012627698043480443,0.02455385730676753
2026-10-16 09:00:00,29.5,76.1,0.03156924510870111,0.04560002071256827,0.16135391944447233,0.00701538780193358,0.01403077560386716
2026-10-16 09:00:00,29.8,75.8,0.02104616340580074,0.03156924510870111,0.10523081702900369,0.004910771461353506,0.008418465362320295
2026-10-16 10:00:00,29.2,76.4,0.015625,0.021875,0.075,0.003125,0.00625
2026-10-16 10:00:00,29.3,76.6,0.05,0.06875,0.25,0.01125,0.021875
2026-10-16 10:00:00,29.5,76.1,0.028125,0.040625,0.14375,0.00625,0.0125
2026-10-16 10:00:00,29.8,75.8,0.01875,0.028125,0.09375,0.004375,0.0075
2026-10-16 11:00:00,29.2,76.4,0.0139202924709428,0.019488409459319917,0.06681740386052544,0.00278405849418856,0.00556811698837712
2026-10-16 11:00:00,29.3,76.6,0.04454493590701696,0.061249286872148326,0.2227246795350848,0.010022610579078816,0.019488409459319917
2026-10-16 11:00:00,29.5,76.1,0.02505652644769704,0.03619276042445128,0.12806669073267374,0.00556811698837712,0.01113623397675424
2026-10-16 11:00:00,29.8,75.8,0.01670435096513136,0.02505652644769704,0.0835217548256568,0.003897681891863984,0.0066817403860525435
2026-10-16 12:00:00,29.2,76.4,0.012401570718501561,0.017362199005902183,0.05952753944880749,0.0024803141437003125,0.004960628287400625
2026-10-16 12:00:00,29.3,76.6,0.039685026299205,0.05456691116140687,0.19842513149602498,0.008929130917321124,0.017362199005902183
2026-10-16 12:00:00,29.5,76.1,0.02232282729330281,0.03224408386810406,0.11409445061021435,0.004960628287400625,0.00992125657480125
2026-10-16 12:00:00,29.8,75.8,0.014881884862201872,0.02232282729330281,0.07440942431100936,0.0034724398011804374,0.005952753944880749
2026-10-16 13:00:00,29.2,76.4,0.011048543456039806,0.015467960838455728,0.053033008588991064,0.0022097086912079614,0.004419417382415923
2026-10-16 13:00:00,29.3,76.6,0.03535533905932738,0.04861359120657515,0.1767766952966369,0.00795495128834866,0.015467960838455728
2026-10-16 13:00:00,29.5,76.1,0.01988737822087165,0.028726212985703495,0.1016465997955662,0.004419417382415923,0.008838834764831846
2026-10-16 13:00:00,29.8,75.8,0.013258252147247766,0.01988737822087165,0.06629126073623884,0.0030935921676911457,0.005303300858899107
2026-10-16 14:00:00,29.2,76.4,0.009843133202303695,0.013780386483225172,0.04724703937105774,0.001968626640460739,0.003937253280921478
2026-10-16 14:00:00,29.3,76.6,0.03149802624737182,0.04330978609013626,0.15749013123685912,0.00708705590565866,0.013780386483225172
2026-10-16 14:00:00,29.5,76.1,0.017717639764146653,0.025592146325989606,0.090556825461194,0.003937253280921478,0.007874506561842956
2026-10-16 14:00:00,29.8,75.8,0.011811759842764434,0.017717639764146653,0.05905879921382217,0.002756077296645035,0.004724703937105773
2026-10-16 15:00:00,29.2,76.4,0.008769234752416978,0.012276928653383768,0.042092326811601494,0.0017538469504833959,0.0035076939009667917
2026-10-16 15:00:00,29.3,76.6,0.028061551207734334,0.03858463291063471,0.14030775603867165,0.006313849021740224,0.012276928653383768
2026-10-16 15:00:00,29.5,76.1,0.01578462255435056,0.022800010356284144,0.0806769597222362,0.0035076939009667917,0.0070153878019335834
2026-10-16 15:00:00,29.8,75.8,0.010523081702900373,0.01578462255435056,0.052615408514501874,0.0024553857306767544,0.004209232681160149
2026-10-16 16:00:00,29.2,76.4,0.0078125,0.0109375,0.0375,0.0015625,0.003125
2026-10-16 16:00:00,29.3,76.6,0.025,0.034375,0.125,0.005625,0.0109375
2026-10-16 16:00:00,29.5,76.1,0.0140625,0.0203125,0.071875,0.003125,0.00625
2026-10-16 16:00:00,29.8,75.8,0.009375,0.0140625,0.046875,0.0021875,0.00375
2026-10-16 17:00:00,29.2,76.4,0.0069601462354714,0.009744204729659959,0.03340870193026272,0.00139202924709428,0.00278405849418856
2026-10-16 17:00:00,29.3,76.6,0.02227246795350848,0.030624643436074163,0.1113623397675424,0.005011305289539408,0.009744204729659959
2026-10-16 17:00:00,29.5,76.1,0.01252826322384852,0.01809638021222564,0.06403334536633687,0.00278405849418856,0.00556811698837712
2026-10-16 17:00:00,29.8,75.8,0.00835217548256568,0.01252826322384852,0.0417608774128284,0.001948840945931992,0.0033408701930262717
2026-10-16 18:00:00,29.2,76.4,0.0062007853592507805,0.008681099502951092,0.029763769724403744,0.0012401570718501562,0.0024803141437003125
2026-10-16 18:00:00,29.3,76.6,0.0198425131496025,0.027283455580703435,0.09921256574801249,0.004464565458660562,0.008681099502951092
2026-10-16 18:00:00,29.5,76.1,0.011161413646651405,0.01612204193405203,0.057047225305107176,0.0024803141437003125,0.004960628287400625
2026-10-16 18:00:00,29.8,75.8,0.007440942431100936,0.011161413646651405,0.03720471215550468,0.0017362199005902187,0.0029763769724403745
2026-10-16 19:00:00,29.2,76.4,0.005524271728019903,0.007733980419227864,0.026516504294495532,0.0011048543456039807,0.0022097086912079614
2026-10-16 19:00:00,29.3,76.6,0.01767766952966369,0.024306795603287575,0.08838834764831845,0.00397747564417433,0.007733980419227864
2026-10-16 19:00:00,29.5,76.1,0.009943689110435826,0.014363106492851748,0.0508232998977831,0.0022097086912079614,0.004419417382415923
2026-10-16 19:00:00,29.8,75.8,0.006629126073623883,0.009943689110435826,0.03314563036811942,0.0015467960838455729,0.0026516504294495534
2026-10-16 20:00:00,29.2,76.4,0.0049215666011518475,0.006890193241612586,0.02362351968552887,0.0009843133202303695,0.001968626640460739
2026-10-16 20:00:00,29.3,76.6,0.01574901312368591,0.02165489304506813,0.07874506561842956,0.00354352795282933,0.006890193241612586
2026-10-16 20:00:00,29.5,76.1,0.008858819882073326,0.012796073162994803,0.045278412730597,0.001968626640460739,0.003937253280921478
2026-10-16 20:00:00,29.8,75.8,0.005905879921382217,0.008858819882073326,0.029529399606911085,0.0013780386483225175,0.0023623519685528867
2026-10-16 21:00:00,29.2,76.4,0.004384617376208489,0.006138464326691884,0.021046163405800747,0.0008769234752416979,0.0017538469504833959
2026-10-16 21:00:00,29.3,76.6,0.014030775603867167,0.019292316455317354,0.07015387801933583,0.003156924510870112,0.006138464326691884
2026-10-16 21:00:00,29.5,76.1,0.00789231127717528,0.011400005178142072,0.0403384798611181,0.0017538469504833959,0.0035076939009667917
2026-10-16 21:00:00,29.8,75.8,0.005261540851450187,0.00789231127717528,0.026307704257250937,0.0012276928653383772,0.0021046163405800747
2026-10-16 22:00:00,29.2,76.4,0.00390625,0.00546875,0.01875,0.00078125,0.0015625
2026-10-16 22:00:00,29.3,76.6,0.0125,0.0171875,0.0625,0.0028125,0.00546875
2026-10-16 22:00:00,29.5,76.1,0.00703125,0.01015625,0.0359375,0.0015625,0.003125
2026-10-16 22:00:00,29.8,75.8,0.0046875,0.00703125,0.0234375,0.00109375,0.001875
2026-10-16 23:00:00,29.2,76.4,0.0034800731177357,0.004872102364829979,0.01670435096513136,0.00069601462354714,0.00139202924709428
2026-10-16 23:00:00,29.3,76.6,0.01113623397675424,0.015312321718037081,0.0556811698837712,0.002505652644769704,0.004872102364829979
2026-10-16 23:00:00,29.5,76.1,0.00626413161192426,0.00904819010611282,0.032016672683168435,0.00139202924709428,0.00278405849418856
2026-10-16 23:00:00,29.8,75.8,0.00417608774128284,0.00626413161192426,0.0208804387064142,0.000974420472965996,0.0016704350965131359
2026-10-17 00:00:00,29.2,76.4,0.0031003926796253902,0.004340549751475546,0.014881884862201872,0.0006200785359250781,0.0012401570718501562
2026-10-17 00:00:00,29.3,76.6,0.00992125657480125,0.013641727790351717,0.049606282874006244,0.002232282729330281,0.004340549751475546
2026-10-17 00:00:00,29.5,76.1,0.005580706823325702,0.008061020967026015,0.028523612652553588,0.0012401570718501562,0.0024803141437003125
2026-10-17 00:00:00,29.8,75.8,0.003720471215550468,0.005580706823325702,0.01860235607775234,0.0008681099502951094,0.0014881884862201873
2026-10-17 01:00:00,29.2,76.4,0.0027621358640099515,0.003866990209613932,0.013258252147247766,0.0005524271728019904,0.0011048543456039807
2026-10-17 01:00:00,29.3,76.6,0.008838834764831846,0.012153397801643788,0.04419417382415922,0.001988737822087165,0.003866990209613932
2026-10-17 01:00:00,29.5,76.1,0.004971844555217913,0.007181553246425874,0.02541164994889155,0.0011048543456039807,0.0022097086912079614
2026-10-17 01:00:00,29.8,75.8,0.0033145630368119415,0.004971844555217913,0.01657281518405971,0.0007733980419227864,0.0013258252147247767
2026-10-17 02:00:00,29.2,76.4,0.0024607833005759238,0.003445096620806293,0.011811759842764434,0.0004921566601151847,0.0009843133202303695
2026-10-17 02:00:00,29.3,76.6,0.007874506561842956,0.010827446522534066,0.03937253280921478,0.001771763976414665,0.003445096620806293
2026-10-17 02:00:00,29.5,76.1,0.004429409941036663,0.006398036581497402,0.0226392063652985,0.0009843133202303695,0.001968626640460739
2026-10-17 02:00:00,29.8,75.8,0.0029529399606911086,0.004429409941036663,0.014764699803455543,0.0006890193241612587,0.0011811759842764434
2026-10-17 03:00:00,29.2,76.4,0.0021923086881042446,0.003069232163345942,0.010523081702900373,0.00043846173762084896,0.0008769234752416979
2026-10-17 03:00:00,29.3,76.6,0.0070153878019335834,0.009646158227658677,0.035076939009667914,0.001578462255435056,0.003069232163345942
2026-10-17 03:00:00,29.5,76.1,0.00394615563858764,0.005700002589071036,0.02016923993055905,0.0008769234752416979,0.0017538469504833959
2026-10-17 03:00:00,29.8,75.8,0.0026307704257250934,0.00394615563858764,0.013153852128625469,0.0006138464326691886,0.0010523081702900373
2026-10-17 04:00:00,29.2,76.4,0.001953125,0.002734375,0.009375,0.000390625,0.00078125
2026-10-17 04:00:00,29.3,76.6,0.00625,0.00859375,0.03125,0.00140625,0.002734375
2026-10-17 04:00:00,29.5,76.1,0.003515625,0.005078125,0.01796875,0.00078125,0.0015625
2026-10-17 04:00:00,29.8,75.8,0.00234375,0.003515625,0.01171875,0.000546875,0.0009375
2026-10-17 05:00:00,29.2,76.4,0.00174003655886785,0.0024360511824149896,0.00835217548256568,0.00034800731177357,0.00069601462354714
2026-10-17 05:00:00,29.3,76.6,0.00556811698837712,0.007656160859018541,0.0278405849418856,0.001252826322384852,0.0024360511824149896
2026-10-17 05:00:00,29.5,76.1,0.00313206580596213,0.00452409505305641,0.016008336341584217,0.00069601462354714,0.00139202924709428
2026-10-17 05:00:00,29.8,75.8,0.00208804387064142,0.00313206580596213,0.0104402193532071,0.000487210236482998,0.0008352175482565679
2026-10-17 06:00:00,29.2,76.4,0.0015501963398126951,0.002170274875737773,0.007440942431100936,0.00031003926796253906,0.0006200785359250781
2026-10-17 06:00:00,29.3,76.6,0.004960628287400625,0.006820863895175859,0.024803141437003122,0.0011161413646651405,0.002170274875737773
2026-10-17 06:00:00,29.5,76.1,0.002790353411662851,0.004030510483513008,0.014261806326276794,0.0006200785359250781,0.0012401570718501562
2026-10-17 06:00:00,29.8,75.8,0.001860235607775234,0.002790353411662851,0.00930117803887617,0.0004340549751475547,0.0007440942431100936
2026-10-17 07:00:00,29.2,76.4,0.0013810679320049757,0.001933495104806966,0.006629126073623883,0.0002762135864009952,0.0005524271728019904
2026-10-17 07:00:00,29.3,76.6,0.004419417382415923,0.006076698900821894,0.02209708691207961,0.0009943689110435824,0.001933495104806966
2026-10-17 07:00:00,29.5,76.1,0.0024859222776089564,0.003590776623212937,0.012705824974445775,0.0005524271728019904,0.0011048543456039807
2026-10-17 07:00:00,29.8,75.8,0.0016572815184059707,0.0024859222776089564,0.008286407592029855,0.0003866990209613932,0.0006629126073623883
2026-10-17 08:00:00,29.2,76.4,0.0012303916502879619,0.0017225483104031465,0.005905879921382217,0.00024607833005759237,0.0004921566601151847
2026-10-17 08:00:00,29.3,76.6,0.003937253280921478,0.005413723261267033,0.01968626640460739,0.0008858819882073325,0.0017225483104031465
2026-10-17 08:00:00,29.5,76.1,0.0022147049705183316,0.003199018290748701,0.01131960318264925,0.0004921566601151847,0.0009843133202303695
2026-10-17 08:00:00,29.8,75.8,0.0014764699803455543,0.0022147049705183316,0.007382349901727771,0.00034450966208062937,0.0005905879921382217
2026-10-17 09:00:00,29.2,76.4,0.0010961543440521223,0.001534616081672971,0.005261540851450187,0.00021923086881042448,0.00043846173762084896
2026-10-17 09:00:00,29.3,76.6,0.0035076939009667917,0.004823079113829338,0.017538469504833957,0.000789231127717528,0.001534616081672971
2026-10-17 09:00:00,29.5,76.1,0.00197307781929382,0.002850001294535518,0.010084619965279524,0.00043846173762084896,0.0008769234752416979
2026-10-17 09:00:00,29.8,75.8,0.0013153852128625467,0.00197307781929382,0.006576926064312734,0.0003069232163345943,0.0005261540851450187
2026-10-17 10:00:00,29.2,76.4,0.0009765625,0.0013671875,0.0046875,0.0001953125,0.000390625
2026-10-17 10:00:00,29.3,76.6,0.003125,0.004296875,0.015625,0.000703125,0.0013671875
2026-10-17 10:00:00,29.5,76.1,0.0017578125,0.0025390625,0.008984375,0.000390625,0.00078125
2026-10-17 10:00:00,29.8,75.8,0.001171875,0.0017578125,0.005859375,0.0002734375,0.00046875
2026-10-17 11:00:00,29.2,76.4,0.0008700182794339255,0.0012180255912074957,0.004176087741282843,0.00017400365588678512,0.00034800731177357023
2026-10-17 11:00:00,29.3,76.6,0.002784058494188562,0.0038280804295092725,0.013920292470942808,0.0006264131611924263,0.0012180255912074957
2026-10-17 11:00:00,29.5,76.1,0.001566032902981066,0.0022620475265282066,0.008004168170792114,0.00034800731177357023,0.0006960146235471405
2026-10-17 11:00:00,29.8,75.8,0.0010440219353207107,0.001566032902981066,0.005220109676603553,0.00024360511824149918,0.00041760877412828424
2026-10-17 12:00:00,29.2,76.4,0.0007750981699063471,0.0010851374378688858,0.003720471215550466,0.00015501963398126945,0.0003100392679625389
2026-10-17 12:00:00,29.3,76.6,0.002480314143700311,0.0034104319475879276,0.012401570718501554,0.0005580706823325699,0.0010851374378688858
2026-10-17 12:00:00,29.5,76.1,0.001395176705831425,0.0020152552417565025,0.007130903163138393,0.0003100392679625389,0.0006200785359250778
2026-10-17 12:00:00,29.8,75.8,0.0009301178038876165,0.001395176705831425,0.004650589019438083,0.0002170274875737772,0.0003720471215550466
2026-10-17 13:00:00,29.2,76.4,0.0006905339660024879,0.000966747552403483,0.0033145630368119415,0.0001381067932004976,0.0002762135864009952
2026-10-17 13:00:00,29.3,76.6,0.0022097086912079614,0.003038349450410947,0.011048543456039806,0.0004971844555217912,0.000966747552403483
2026-10-17 13:00:00,29.5,76.1,0.0012429611388044782,0.0017953883116064685,0.0063529124872228875,0.0002762135864009952,0.0005524271728019904
2026-10-17 13:00:00,29.8,75.8,0.0008286407592029854,0.0012429611388044782,0.004143203796014927,0.0001933495104806966,0.00033145630368119417
2026-10-17 14:00:00,29.2,76.4,0.0006151958251439813,0.0008612741552015737,0.00295293996069111,0.00012303916502879626,0.00024607833005759253
2026-10-17 14:00:00,29.3,76.6,0.0019686266404607402,0.0027068616306335177,0.0098431332023037,0.0004429409941036665,0.0008612741552015737
2026-10-17 14:00:00,29.5,76.1,0.0011073524852591662,0.0015995091453743513,0.005659801591324627,0.00024607833005759253,0.0004921566601151851
2026-10-17 14:00:00,29.8,75.8,0.0007382349901727775,0.0011073524852591662,0.003691174950863888,0.00017225483104031476,0.000295293996069111
2026-10-17 15:00:00,29.2,76.4,0.0005480771720260608,0.0007673080408364851,0.002630770425725092,0.00010961543440521217,0.00021923086881042435
2026-10-17 15:00:00,29.3,76.6,0.0017538469504833948,0.002411539556914668,0.008769234752416973,0.0003946155638587638,0.0007673080408364851
2026-10-17 15:00:00,29.5,76.1,0.0009865389096469096,0.001425000647267758,0.0050423099826397595,0.00021923086881042435,0.0004384617376208487
2026-10-17 15:00:00,29.8,75.8,0.000657692606431273,0.0009865389096469096,0.003288463032156365,0.00015346160816729704,0.0002630770425725092
2026-10-17 16:00:00,29.2,76.4,0.00048828125,0.00068359375,0.00234375,9.765625e-05,0.0001953125
2026-10-17 16:00:00,29.3,76.6,0.0015625,0.0021484375,0.0078125,0.0003515625,0.00068359375
2026-10-17 16:00:00,29.5,76.1,0.00087890625,0.00126953125,0.0044921875,0.0001953125,0.000390625
2026-10-17 16:00:00,29.8,75.8,0.0005859375,0.00087890625,0.0029296875,0.00013671875,0.000234375
2026-10-17 17:00:00,29.2,76.4,0.00043500913971696275,0.0006090127956037478,0.0020880438706414213,8.700182794339256e-05,0.00017400365588678512
2026-10-17 17:00:00,29.3,76.6,0.001392029247094281,0.0019140402147546363,0.006960146235471404,0.00031320658059621315,0.0006090127956037478
2026-10-17 17:00:00,29.5,76.1,0.000783016451490533,0.0011310237632641033,0.004002084085396057,0.00017400365588678512,0.00034800731177357023
2026-10-17 17:00:00,29.8,75.8,0.0005220109676603553,0.000783016451490533,0.0026100548383017766,0.00012180255912074959,0.00020880438706414212
2026-10-17 18:00:00,29.2,76.4,0.00038754908495317356,0.0005425687189344429,0.001860235607775233,7.750981699063472e-05,0.00015501963398126945
2026-10-17 18:00:00,29.3,76.6,0.0012401570718501556,0.0017052159737939638,0.006200785359250777,0.00027903534116628496,0.0005425687189344429
2026-10-17 18:00:00,29.5,76.1,0.0006975883529157125,0.0010076276208782512,0.0035654515815691963,0.00015501963398126945,0.0003100392679625389
2026-10-17 18:00:00,29.8,75.8,0.00046505890194380823,0.0006975883529157125,0.0023252945097190416,0.0001085137437868886,0.0001860235607775233
2026-10-17 19:00:00,29.2,76.4,0.00034526698300124393,0.0004833737762017415,0.0016572815184059707,6.90533966002488e-05,0.0001381067932004976
2026-10-17 19:00:00,29.3,76.6,0.0011048543456039807,0.0015191747252054735,0.005524271728019903,0.0002485922277608956,0.0004833737762017415
2026-10-17 19:00:00,29.5,76.1,0.0006214805694022391,0.0008976941558032342,0.0031764562436114438,0.0001381067932004976,0.0002762135864009952
2026-10-17 19:00:00,29.8,75.8,0.0004143203796014927,0.0006214805694022391,0.0020716018980074637,9.66747552403483e-05,0.00016572815184059709
2026-10-17 20:00:00,29.2,76.4,0.00030759791257199063,0.00043063707760078684,0.001476469980345555,6.151958251439813e-05,0.00012303916502879626
2026-10-17 20:00:00,29.3,76.6,0.0009843133202303701,0.0013534308153167589,0.00492156660115185,0.00022147049705183324,0.00043063707760078684
2026-10-17 20:00:00,29.5,76.1,0.0005536762426295831,0.0007997545726871756,0.0028299007956623136,0.00012303916502879626,0.00024607833005759253
2026-10-17 20:00:00,29.8,75.8,0.00036911749508638874,0.0005536762426295831,0.001845587475431944,8.612741552015738e-05,0.0001476469980345555
2026-10-17 21:00:00,29.2,76.4,0.0002740385860130304,0.00038365402041824255,0.001315385212862546,5.480771720260609e-05,0.00010961543440521217
2026-10-17 21:00:00,29.3,76.6,0.0008769234752416974,0.001205769778457334,0.004384617376208487,0.0001973077819293819,0.00038365402041824255
2026-10-17 21:00:00,29.5,76.1,0.0004932694548234548,0.000712500323633879,0.0025211549913198798,0.00010961543440521217,0.00021923086881042435
2026-10-17 21:00:00,29.8,75.8,0.0003288463032156365,0.0004932694548234548,0.0016442315160781825,7.673080408364852e-05,0.0001315385212862546
2026-10-17 22:00:00,29.2,76.4,0.000244140625,0.000341796875,0.001171875,4.8828125e-05,9.765625e-05
2026-10-17 22:00:00,29.3,76.6,0.00078125,0.00107421875,0.00390625,0.00017578125,0.000341796875
2026-10-17 22:00:00,29.5,76.1,0.000439453125,0.000634765625,0.00224609375,9.765625e-05,0.0001953125
2026-10-17 22:00:00,29.8,75.8,0.00029296875,0.000439453125,0.00146484375,6.8359375e-05,0.0001171875
2026-10-17 23:00:00,29.2,76.4,0.00021750456985848138,0.0003045063978018739,0.0010440219353207107,4.350091397169628e-05,8.700182794339256e-05
2026-10-17 23:00:00,29.3,76.6,0.0006960146235471405,0.0009570201073773181,0.003480073117735702,0.00015660329029810658,0.0003045063978018739
2026-10-17 23:00:00,29.5,76.1,0.0003915082257452665,0.0005655118816320516,0.0020010420426980285,8.700182794339256e-05,0.00017400365588678512
2026-10-17 23:00:00,29.8,75.8,0.00026100548383017766,0.0003915082257452665,0.0013050274191508883,6.0901279560374794e-05,0.00010440219353207106
