datetime,time_index,PM25,PM10,NO2,O3,CO,temperature_C,humidity,u_wind_m_s,v_wind_m_s,wind_speed_m_s,wind_direction_deg,PBLH_m
2026-09-22 09:00:00,0,207.42,331.88,9.21,46.41,11.772,36.93,29.4,8.01,-7.47,10.96,313.0,1925.0
2026-09-22 10:00:00,1,205.08,328.13,9.08,50.82,11.603,37.56,27.0,8.24,-7.68,11.26,313.0,1820.0
2026-09-22 11:00:00,2,191.34,306.14,6.63,53.46,8.472,37.96,25.5,8.38,-7.81,11.45,313.0,1525.0
2026-09-22 12:00:00,3,189.07,302.5,6.53,54.13,8.35,38.1,25.0,8.43,-7.86,11.52,313.0,1245.0
2026-09-22 13:00:00,4,186.82,298.92,6.44,52.76,8.231,37.96,25.5,8.38,-7.81,11.45,313.0,950.0
2026-09-22 14:00:00,5,184.61,295.38,6.34,49.43,8.113,37.56,27.0,8.24,-7.68,11.26,313.0,765.0
2026-09-22 15:00:00,6,182.43,291.89,6.25,44.32,7.996,36.93,29.4,8.01,-7.47,10.96,313.0,650.0
2026-09-22 16:00:00,7,180.28,288.46,6.16,37.78,7.882,36.1,32.5,7.72,-7.2,10.56,313.0,385.0
2026-09-22 17:00:00,8,192.86,308.58,8.81,30.22,11.265,35.14,36.1,7.38,-6.89,10.1,313.0,225.0
2026-09-22 18:00:00,9,190.78,305.25,8.68,22.13,11.103,34.1,40.0,7.02,-6.55,9.6,313.0,150.0
2026-09-22 19:00:00,10,188.72,301.95,8.56,21.81,10.944,34.1,40.0,7.02,-6.55,9.6,313.0,100.0
2026-09-22 20:00:00,11,186.69,298.71,8.44,21.5,10.787,34.1,40.0,7.02,-6.55,9.6,313.0,60.0
2026-09-22 21:00:00,12,184.7,295.51,8.32,21.19,10.632,34.1,40.0,7.02,-6.55,9.6,313.0,10.0
2026-09-22 22:00:00,13,168.03,268.85,5.65,20.89,7.227,34.1,40.0,7.02,-6.55,9.6,313.0,15.0
2026-09-22 23:00:00,14,166.09,265.74,5.57,20.59,7.124,34.1,40.0,7.02,-6.55,9.6,313.0,40.0
2026-09-23 00:00:00,15,154.38,247.0,3.84,20.29,4.915,34.1,40.0,7.02,-6.55,9.6,313.0,85.0
2026-09-23 01:00:00,16,152.49,243.98,3.79,20.0,4.845,34.1,40.0,7.02,-6.55,9.6,313.0,85.0
2026-09-23 02:00:00,17,150.63,241.01,3.73,19.71,4.775,34.1,40.0,7.02,-6.55,9.6,313.0,130.0
2026-09-23 03:00:00,18,148.8,238.08,3.68,19.43,4.707,34.1,40.0,7.02,-6.55,9.6,313.0,270.0
2026-09-23 04:00:00,19,146.99,235.19,3.63,19.15,4.639,34.1,40.0,7.02,-6.55,9.6,313.0,895.0
2026-09-23 05:00:00,20,145.21,232.34,3.58,18.88,4.573,34.1,40.0,7.02,-6.55,9.6,313.0,1130.0
2026-09-23 06:00:00,21,153.26,245.21,5.04,18.61,6.439,34.1,40.0,7.02,-6.55,9.6,313.0,1355.0
2026-09-23 07:00:00,22,162.96,260.73,6.7,26.11,8.568,35.14,36.1,7.38,-6.89,10.1,313.0,1690.0
2026-09-23 08:00:00,23,161.25,258.0,6.61,33.08,8.445,36.1,32.5,7.72,-7.2,10.56,313.0,2010.0
2026-09-23 09:00:00,24,159.57,255.32,6.51,39.03,8.324,36.93,29.4,8.01,-7.47,10.96,313.0,2155.0
2026-09-23 10:00:00,25,157.92,252.66,6.42,43.54,8.205,37.56,27.0,8.24,-7.68,11.26,313.0,2195.0
2026-09-23 11:00:00,26,144.85,231.76,4.69,46.29,5.99,37.96,25.5,8.38,-7.81,11.45,313.0,1985.0
2026-09-23 12:00:00,27,143.24,229.19,4.62,47.06,5.905,38.1,25.0,8.43,-7.86,11.52,313.0,1345.0
2026-09-23 13:00:00,28,141.66,226.65,4.55,45.8,5.82,37.96,25.5,8.38,-7.81,11.45,313.0,1185.0
2026-09-23 14:00:00,29,140.09,224.15,4.49,42.56,5.736,37.56,27.0,8.24,-7.68,11.26,313.0,1005.0
2026-09-23 15:00:00,30,138.55,221.68,4.42,37.55,5.654,36.93,29.4,8.01,-7.47,10.96,313.0,605.0
2026-09-23 16:00:00,31,137.03,219.25,4.36,31.11,5.573,36.1,32.5,7.72,-7.2,10.56,313.0,175.0
2026-09-23 17:00:00,32,150.23,240.37,6.23,23.64,7.965,35.14,36.1,7.38,-6.89,10.1,313.0,55.0
2026-09-23 18:00:00,33,148.76,238.01,6.14,15.65,7.851,34.1,40.0,7.02,-6.55,9.6,313.0,65.0
2026-09-23 19:00:00,34,147.3,235.68,6.05,15.42,7.738,34.1,40.0,7.02,-6.55,9.6,313.0,95.0
2026-09-23 20:00:00,35,145.87,233.39,5.97,15.2,7.628,34.1,40.0,7.02,-6.55,9.6,313.0,195.0
2026-09-23 21:00:00,36,144.46,231.13,5.88,14.98,7.518,34.1,40.0,7.02,-6.55,9.6,313.0,220.0
2026-09-23 22:00:00,37,128.37,205.39,4.0,14.77,5.111,34.1,40.0,7.02,-6.55,9.6,313.0,175.0
2026-09-23 23:00:00,38,126.99,203.19,3.94,14.56,5.037,34.1,40.0,7.02,-6.55,9.6,313.0,200.0
2026-09-24 00:00:00,39,115.84,185.35,2.72,14.35,3.476,34.1,40.0,7.02,-6.55,9.6,313.0,10.0
2026-09-24 01:00:00,40,114.51,183.22,2.68,14.14,3.426,34.1,40.0,7.02,-6.55,9.6,313.0,10.0
2026-09-24 02:00:00,41,113.2,181.12,2.64,13.94,3.377,34.1,40.0,7.02,-6.55,9.6,313.0,10.0
2026-09-24 03:00:00,42,111.9,179.04,2.6,13.74,3.328,34.1,40.0,7.02,-6.55,9.6,313.0,10.0
2026-09-24 04:00:00,43,110.63,177.0,2.57,13.54,3.281,34.1,40.0,7.02,-6.55,9.6,313.0,10.0
2026-09-24 05:00:00,44,109.37,174.99,2.53,13.35,3.233,34.1,40.0,7.02,-6.55,9.6,313.0,10.0
2026-09-24 06:00:00,45,117.92,188.68,3.56,13.16,4.553,34.1,40.0,7.02,-6.55,9.6,313.0,10.0
2026-09-24 07:00:00,46,128.13,205.01,4.74,20.73,6.058,35.14,36.1,7.38,-6.89,10.1,313.0,14.1
2026-09-24 08:00:00,47,126.93,203.09,4.67,27.78,5.972,36.1,32.5,7.72,-7.2,10.56,313.0,18.0
2026-09-24 09:00:00,48,125.74,201.19,4.6,33.81,5.886,36.93,29.4,8.01,-7.47,10.96,313.0,21.3
2026-09-24 10:00:00,49,124.57,199.31,4.54,38.4,5.802,37.56,27.0,8.24,-7.68,11.26,313.0,23.9
2026-09-24 11:00:00,50,111.99,179.18,3.31,41.22,4.236,37.96,25.5,8.38,-7.81,11.45,313.0,25.5
2026-09-24 12:00:00,51,110.85,177.36,3.27,42.07,4.175,38.1,25.0,8.43,-7.86,11.52,313.0,26.0
2026-09-24 13:00:00,52,109.73,175.56,3.22,40.87,4.115,37.96,25.5,8.38,-7.81,11.45,313.0,25.5
2026-09-24 14:00:00,53,108.62,173.8,3.17,37.7,4.056,37.56,27.0,8.24,-7.68,11.26,313.0,23.9
2026-09-24 15:00:00,54,107.53,172.05,3.13,32.77,3.998,36.93,29.4,8.01,-7.47,10.96,313.0,21.3
2026-09-24 16:00:00,55,106.46,170.34,3.08,26.39,3.941,36.1,32.5,7.72,-7.2,10.56,313.0,18.0
2026-09-24 17:00:00,56,120.1,192.16,4.41,18.99,5.632,35.14,36.1,7.38,-6.89,10.1,313.0,14.1
2026-09-24 18:00:00,57,119.06,190.49,4.34,11.06,5.552,34.1,40.0,7.02,-6.55,9.6,313.0,10.0
2026-09-24 19:00:00,58,118.03,188.84,4.28,10.91,5.472,34.1,40.0,7.02,-6.55,9.6,313.0,10.0
2026-09-24 20:00:00,59,117.01,187.22,4.22,10.75,5.393,34.1,40.0,7.02,-6.55,9.6,313.0,10.0
2026-09-24 21:00:00,60,116.02,185.63,4.16,10.6,5.316,34.1,40.0,7.02,-6.55,9.6,313.0,10.0
2026-09-24 22:00:00,61,100.33,160.54,2.83,10.44,3.614,34.1,40.0,7.02,-6.55,9.6,313.0,10.0
2026-09-24 23:00:00,62,99.36,158.98,2.79,10.29,3.562,34.1,40.0,7.02,-6.55,9.6,313.0,10.0
2026-09-25 00:00:00,63,88.61,141.78,1.92,10.15,2.458,34.1,40.0,7.02,-6.55,9.6,313.0,10.0
2026-09-25 01:00:00,64,87.67,140.27,1.89,10.0,2.422,34.1,40.0,7.02,-6.55,9.6,313.0,10.0
2026-09-25 02:00:00,65,86.74,138.78,1.87,9.86,2.388,34.1,40.0,7.02,-6.55,9.6,313.0,10.0
2026-09-25 03:00:00,66,85.82,137.32,1.84,9.72,2.353,34.1,40.0,7.02,-6.55,9.6,313.0,10.0
2026-09-25 04:00:00,67,84.92,135.87,1.81,9.58,2.32,34.1,40.0,7.02,-6.55,9.6,313.0,10.0
2026-09-25 05:00:00,68,84.03,134.45,1.79,9.44,2.286,34.1,40.0,7.02,-6.55,9.6,313.0,10.0
2026-09-25 06:00:00,69,92.95,148.72,2.52,9.3,3.219,34.1,40.0,7.02,-6.55,9.6,313.0,10.0
2026-09-25 07:00:00,70,103.52,165.63,3.35,16.94,4.284,35.14,36.1,7.38,-6.89,10.1,313.0,14.1
2026-09-25 08:00:00,71,102.67,164.27,3.3,24.04,4.223,36.1,32.5,7.72,-7.2,10.56,313.0,18.0
