time,station,PM25,PM10,NO2,O3,NO
2026-10-15 00:00:00,"ITO, Delhi",207.45,308.41,63.24,29.57,29.06
2026-10-15 00:00:00,"Anand Vihar, Delhi",196.49,326.32,63.84,23.59,32.17
2026-10-15 00:00:00,"Punjabi Bagh, Delhi",193.05,280.26,61.21,19.26,23.1
2026-10-15 01:00:00,"ITO, Delhi",201.46,281.94,64.06,22.28,26.34
2026-10-15 01:00:00,"Anand Vihar, Delhi",231.88,343.31,62.83,20.73,29.81
2026-10-15 01:00:00,"Punjabi Bagh, Delhi",211.56,294.32,64.37,23.2,30.82
2026-10-15 02:00:00,"ITO, Delhi",210.15,352.27,64.84,21.83,37.18
2026-10-15 02:00:00,"Anand Vihar, Delhi",200.86,305.47,55.11,21.02,34.68
2026-10-15 02:00:00,"Punjabi Bagh, Delhi",230.25,348.81,64.33,24.1,27.98
2026-10-15 03:00:00,"ITO, Delhi",216.47,315.49,72.48,26.03,28.59
2026-10-15 03:00:00,"Anand Vihar, Delhi",232.13,340.49,63.81,26.84,39.77
2026-10-15 03:00:00,"Punjabi Bagh, Delhi",241.23,345.07,65.65,25.99,39.55
2026-10-15 04:00:00,"ITO, Delhi",226.47,335.99,63.74,21.41,40.42
2026-10-15 04:00:00,"Anand Vihar, Delhi",254.0,379.56,74.29,26.08,34.59
2026-10-15 04:00:00,"Punjabi Bagh, Delhi",239.08,389.38,69.1,29.69,26.69
2026-10-15 05:00:00,"Punjabi Bagh, Delhi",230.43,363.96,72.75,23.41,40.47
2026-10-15 05:00:00,"Anand Vihar, Delhi",234.66,359.14,78.49,23.45,35.18
2026-10-15 05:00:00,"ITO, Delhi",250.29,377.17,69.61,25.28,30.46
2026-10-15 06:00:00,"ITO, Delhi",241.36,381.41,69.11,24.02,37.75
2026-10-15 06:00:00,"Anand Vihar, Delhi",217.95,332.84,73.93,25.02,38.38
2026-10-15 06:00:00,"Punjabi Bagh, Delhi",218.67,319.59,70.91,22.59,38.68
2026-10-15 07:00:00,"ITO, Delhi",245.42,405.85,74.66,37.42,39.56
2026-10-15 07:00:00,"Anand Vihar, Delhi",210.58,315.34,74.09,44.04,39.09
2026-10-15 07:00:00,"Punjabi Bagh, Delhi",243.88,365.13,67.95,40.08,42.86
2026-10-15 08:00:00,"Punjabi Bagh, Delhi",213.11,321.04,69.27,48.92,36.32
2026-10-15 08:00:00,"Anand Vihar, Delhi",269.23,384.03,71.75,47.8,37.98
2026-10-15 08:00:00,"ITO, Delhi",248.24,354.17,81.59,43.29,42.34
2026-10-15 09:00:00,"ITO, Delhi",254.37,365.89,73.35,59.26,34.82
2026-10-15 09:00:00,"Anand Vihar, Delhi",234.53,377.95,66.93,57.37,40.78
2026-10-15 09:00:00,"Punjabi Bagh, Delhi",242.85,339.54,68.36,58.39,40.93
2026-10-15 10:00:00,"ITO, Delhi",227.7,348.47,71.53,64.67,40.27
2026-10-15 10:00:00,"Anand Vihar, Delhi",213.22,357.15,77.3,60.4,41.72
2026-10-15 10:00:00,"Punjabi Bagh, Delhi",209.32,329.72,80.72,61.51,42.95
2026-10-15 11:00:00,"Punjabi Bagh, Delhi",227.67,341.77,81.75,67.67,48.97
2026-10-15 11:00:00,"Anand Vihar, Delhi",201.92,286.57,74.1,69.49,39.19
2026-10-15 11:00:00,"ITO, Delhi",221.46,348.63,83.97,67.73,35.07
2026-10-15 12:00:00,"ITO, Delhi",215.03,305.4,68.28,71.45,35.86
2026-10-15 12:00:00,"Anand Vihar, Delhi",216.35,334.0,73.28,67.46,30.7
2026-10-15 12:00:00,"Punjabi Bagh, Delhi",198.95,315.55,74.71,66.26,37.45
2026-10-15 13:00:00,"ITO, Delhi",201.45,284.5,73.18,68.64,30.58
2026-10-15 13:00:00,"Anand Vihar, Delhi",201.04,312.77,77.83,71.63,29.64
2026-10-15 13:00:00,"Punjabi Bagh, Delhi",181.6,282.71,74.98,70.01,50.57
2026-10-15 14:00:00,"Punjabi Bagh, Delhi",220.69,293.69,74.28,59.13,31.46
2026-10-15 14:00:00,"Anand Vihar, Delhi",197.35,280.57,69.66,62.52,33.68
2026-10-15 14:00:00,"ITO, Delhi",194.53,314.51,75.62,65.93,32.09
2026-10-15 15:00:00,"ITO, Delhi",193.47,291.49,63.59,54.67,34.13
2026-10-15 15:00:00,"Anand Vihar, Delhi",166.18,253.6,69.2,54.87,39.99
2026-10-15 15:00:00,"Punjabi Bagh, Delhi",186.65,239.47,69.91,54.83,34.82
2026-10-15 16:00:00,"ITO, Delhi",157.84,234.47,69.38,50.1,24.62
2026-10-15 16:00:00,"Anand Vihar, Delhi",164.71,237.57,63.59,52.8,31.04
2026-10-15 16:00:00,"Punjabi Bagh, Delhi",150.81,244.58,77.47,50.6,23.34
2026-10-15 17:00:00,"Punjabi Bagh, Delhi",145.48,250.87,57.4,35.33,27.97
2026-10-15 17:00:00,"Anand Vihar, Delhi",150.3,224.25,48.34,33.57,26.43
2026-10-15 17:00:00,"ITO, Delhi",156.94,260.74,61.01,37.98,30.54
2026-10-15 18:00:00,"ITO, Delhi",182.52,245.06,67.93,25.03,21.65
2026-10-15 18:00:00,"Anand Vihar, Delhi",167.83,255.73,59.12,25.21,24.03
2026-10-15 18:00:00,"Punjabi Bagh, Delhi",162.6,257.14,70.05,21.29,34.11
2026-10-15 19:00:00,"ITO, Delhi",130.75,193.08,62.57,25.84,21.39
2026-10-15 19:00:00,"Anand Vihar, Delhi",156.91,225.5,56.68,27.55,25.31
2026-10-15 19:00:00,"Punjabi Bagh, Delhi",149.63,242.44,61.16,27.44,26.4
2026-10-15 20:00:00,"Punjabi Bagh, Delhi",158.38,259.54,61.27,27.44,27.65
2026-10-15 20:00:00,"Anand Vihar, Delhi",163.4,270.66,54.18,26.64,21.62
2026-10-15 20:00:00,"ITO, Delhi",149.21,212.61,60.88,26.83,22.35
2026-10-15 21:00:00,"ITO, Delhi",165.96,262.58,53.19,25.97,20.76
2026-10-15 21:00:00,"Anand Vihar, Delhi",167.1,262.55,50.65,31.28,17.26
2026-10-15 21:00:00,"Punjabi Bagh, Delhi",147.43,244.31,58.7,26.87,23.8
2026-10-15 22:00:00,"ITO, Delhi",171.59,239.45,52.86,22.97,24.38
2026-10-15 22:00:00,"Anand Vihar, Delhi",169.57,237.85,50.87,26.24,18.23
2026-10-15 22:00:00,"Punjabi Bagh, Delhi",159.45,244.04,53.71,23.48,18.6
2026-10-15 23:00:00,"Anand Vihar, Delhi",184.33,306.01,54.72,24.52,19.99
2026-10-15 23:00:00,"Punjabi Bagh, Delhi",164.63,246.58,48.99,25.97,16.75
2026-10-15 23:00:00,"ITO, Delhi",183.15,245.76,43.39,22.84,19.21
2026-10-16 00:00:00,"ITO, Delhi",207.79,342.34,59.46,26.21,32.76
2026-10-16 00:00:00,"Anand Vihar, Delhi",193.98,295.45,60.06,25.29,26.91
2026-10-16 00:00:00,"Punjabi Bagh, Delhi",200.37,310.51,67.26,27.88,38.61
2026-10-16 01:00:00,"ITO, Delhi",198.39,315.03,63.41,31.57,28.75
2026-10-16 01:00:00,"Anand Vihar, Delhi",197.3,283.96,51.87,23.42,28.95
2026-10-16 01:00:00,"Punjabi Bagh, Delhi",212.15,325.06,71.87,27.85,29.68
2026-10-16 02:00:00,"Punjabi Bagh, Delhi",195.26,280.9,64.93,25.14,32.09
2026-10-16 02:00:00,"Anand Vihar, Delhi",212.14,283.95,71.68,24.66,38.85
2026-10-16 02:00:00,"ITO, Delhi",205.7,318.39,58.31,30.49,38.61
2026-10-16 03:00:00,"ITO, Delhi",236.61,333.56,66.48,25.36,37.7
2026-10-16 03:00:00,"Anand Vihar, Delhi",237.94,334.42,59.52,28.83,36.98
2026-10-16 03:00:00,"Punjabi Bagh, Delhi",216.04,355.08,67.77,28.54,35.92
2026-10-16 04:00:00,"ITO, Delhi",264.57,431.96,68.03,27.91,39.76
2026-10-16 04:00:00,"Anand Vihar, Delhi",254.19,361.98,72.71,28.18,30.14
2026-10-16 04:00:00,"Punjabi Bagh, Delhi",215.91,283.08,67.93,27.15,43.18
2026-10-16 05:00:00,"Punjabi Bagh, Delhi",248.0,379.34,66.4,23.46,34.18
2026-10-16 05:00:00,"Anand Vihar, Delhi",243.72,364.93,60.77,24.73,33.2
2026-10-16 05:00:00,"ITO, Delhi",239.07,391.18,64.2,19.89,38.19
2026-10-16 06:00:00,"ITO, Delhi",238.96,377.54,67.69,26.51,37.2
2026-10-16 06:00:00,"Anand Vihar, Delhi",228.01,339.87,67.45,23.34,34.53
2026-10-16 06:00:00,"Punjabi Bagh, Delhi",269.37,404.76,69.12,25.64,38.87
2026-10-16 07:00:00,"ITO, Delhi",236.04,366.35,77.58,35.06,37.55
2026-10-16 07:00:00,"Anand Vihar, Delhi",235.23,306.81,66.22,40.75,46.43
2026-10-16 07:00:00,"Punjabi Bagh, Delhi",235.62,364.97,75.35,45.88,44.33
2026-10-16 08:00:00,"Punjabi Bagh, Delhi",236.25,383.98,74.97,44.92,46.09
2026-10-16 08:00:00,"Anand Vihar, Delhi",215.04,309.63,69.17,52.56,43.52
2026-10-16 08:00:00,"ITO, Delhi",234.45,332.57,66.55,48.11,36.97
2026-10-16 09:00:00,"ITO, Delhi",239.21,338.06,74.01,54.19,34.21
2026-10-16 09:00:00,"Anand Vihar, Delhi",245.02,405.71,67.97,58.51,37.14
2026-10-16 09:00:00,"Punjabi Bagh, Delhi",223.82,323.88,70.64,56.97,36.41
2026-10-16 10:00:00,"ITO, Delhi",228.0,340.99,73.74,61.25,36.79
2026-10-16 10:00:00,"Anand Vihar, Delhi",235.27,362.92,70.04,64.27,42.1
2026-10-16 10:00:00,"Punjabi Bagh, Delhi",198.9,309.21,71.62,65.68,36.04
2026-10-16 11:00:00,"Punjabi Bagh, Delhi",215.98,306.76,72.56,71.49,35.78
2026-10-16 11:00:00,"ITO, Delhi",188.19,249.74,74.73,69.25,34.47
2026-10-16 11:00:00,"Anand Vihar, Delhi",224.85,304.04,74.16,64.83,35.48
2026-10-16 12:00:00,"ITO, Delhi",218.18,304.68,76.29,74.32,26.87
2026-10-16 12:00:00,"Anand Vihar, Delhi",193.69,302.08,72.62,71.11,34.34
2026-10-16 12:00:00,"Punjabi Bagh, Delhi",206.94,307.3,79.48,70.76,38.11
2026-10-16 13:00:00,"ITO, Delhi",189.49,274.49,70.25,69.65,33.47
2026-10-16 13:00:00,"Anand Vihar, Delhi",200.02,341.54,76.77,67.49,39.96
2026-10-16 13:00:00,"Punjabi Bagh, Delhi",189.55,243.56,67.37,62.85,33.75
2026-10-16 14:00:00,"Punjabi Bagh, Delhi",191.05,278.26,74.01,70.78,34.08
2026-10-16 14:00:00,"Anand Vihar, Delhi",152.8,233.91,74.7,59.54,37.92
2026-10-16 14:00:00,"ITO, Delhi",186.24,312.9,72.48,63.31,36.67
2026-10-16 15:00:00,"ITO, Delhi",180.86,262.1,64.73,59.31,27.99
2026-10-16 15:00:00,"Anand Vihar, Delhi",178.21,257.76,71.37,57.82,35.56
2026-10-16 15:00:00,"Punjabi Bagh, Delhi",169.49,248.83,64.08,55.49,32.92
2026-10-16 16:00:00,"ITO, Delhi",181.08,253.18,71.21,51.57,31.07
2026-10-16 16:00:00,"Anand Vihar, Delhi",197.88,281.34,60.64,42.16,35.4
2026-10-16 16:00:00,"Punjabi Bagh, Delhi",179.54,268.2,68.26,44.12,39.2
2026-10-16 17:00:00,"Punjabi Bagh, Delhi",156.53,215.01,63.92,36.81,31.82
2026-10-16 17:00:00,"ITO, Delhi",166.14,251.4,68.18,38.09,28.34
2026-10-16 17:00:00,"Anand Vihar, Delhi",152.34,237.94,73.96,40.68,33.82
2026-10-16 18:00:00,"ITO, Delhi",135.51,233.86,61.33,23.72,21.53
2026-10-16 18:00:00,"Anand Vihar, Delhi",136.08,220.58,62.48,21.13,20.39
2026-10-16 18:00:00,"Punjabi Bagh, Delhi",155.86,267.17,60.82,20.49,24.59
2026-10-16 19:00:00,"ITO, Delhi",155.94,179.97,59.35,24.31,26.67
2026-10-16 19:00:00,"Anand Vihar, Delhi",187.76,304.18,58.28,21.68,34.17
2026-10-16 19:00:00,"Punjabi Bagh, Delhi",160.92,241.65,59.5,25.59,23.3
2026-10-16 20:00:00,"ITO, Delhi",153.04,218.62,56.98,23.37,19.58
2026-10-16 20:00:00,"Anand Vihar, Delhi",163.24,239.76,64.66,17.05,26.8
2026-10-16 20:00:00,"Punjabi Bagh, Delhi",180.33,229.03,55.43,23.89,16.8
2026-10-16 21:00:00,"Anand Vihar, Delhi",176.47,242.12,52.12,26.47,16.4
2026-10-16 21:00:00,"ITO, Delhi",153.98,208.75,63.5,27.81,26.37
2026-10-16 21:00:00,"Punjabi Bagh, Delhi",176.34,259.7,52.86,27.13,23.06
2026-10-16 22:00:00,"Anand Vihar, Delhi",167.14,257.23,46.23,27.77,19.74
2026-10-16 22:00:00,"ITO, Delhi",166.36,272.73,47.08,26.85,22.86
2026-10-16 22:00:00,"Punjabi Bagh, Delhi",163.94,266.89,48.96,20.77,14.26
2026-10-16 23:00:00,"Anand Vihar, Delhi",182.83,272.32,47.71,26.2,19.91
2026-10-16 23:00:00,"ITO, Delhi",188.76,257.53,59.21,18.75,26.85
2026-10-16 23:00:00,"Punjabi Bagh, Delhi",196.22,296.61,51.18,23.91,19.84
