name,lat,lon,pm25,pm10,no2,o3,co,aqi,source
New Delhi,28.6139,77.209,21.0,44.0,9.5,5.0,3.9,44,waqi
Anand Vihar,28.6468,77.3164,76.0,52.0,2.6,3.7,13.1,76,waqi
ITO,28.6298,77.2423,13.0,31.0,15.5,2.2,7.3,31,waqi
RK Puram,28.5633,77.1769,66.0,59.0,20.6,1.8,7.1,66,waqi
Dwarka,28.5704,77.0653,59.0,63.0,16.0,4.5,2.8,63,waqi
Rohini,28.7344,77.0895,91.0,59.0,1.5,7.4,25.3,91,waqi
Noida,28.5355,77.391,21.0,37.0,6.7,5.6,8.9,37,waqi
Gurgaon,28.4595,77.0266,59.0,63.0,16.0,4.5,2.8,63,waqi
Jahangirpuri,28.7286,77.1637,68.0,63.0,8.7,2.9,16.8,68,waqi
Faridabad,28.4089,77.3178,13.0,18.0,2.1,6.9,1.9,18,waqi
