latitude,longitude,datetime,pollutant,emission_kg_s
29.1,76.5,2026-10-15 10:00:00,PM25,0.25
29.1,76.5,2026-10-15 10:00:00,PM10,0.35
29.1,76.5,2026-10-15 10:00:00,CO,1.2
29.1,76.5,2026-10-15 10:00:00,NOx,0.05
29.1,76.5,2026-10-15 10:00:00,VOC,0.1
29.3,76.2,2026-10-15 10:00:00,PM25,0.4
29.3,76.2,2026-10-15 10:00:00,PM10,0.55
29.3,76.2,2026-10-15 10:00:00,CO,2.1
29.3,76.2,2026-10-15 10:00:00,NOx,0.08
29.3,76.2,2026-10-15 10:00:00,VOC,0.18
29.5,75.9,2026-10-15 10:00:00,PM25,0.15
29.5,75.9,2026-10-15 10:00:00,PM10,0.22
29.5,75.9,2026-10-15 10:00:00,CO,0.85
29.5,75.9,2026-10-15 10:00:00,NOx,0.03
29.5,75.9,2026-10-15 10:00:00,VOC,0.07
29.8,75.8,2026-10-15 10:00:00,PM25,0.6
29.8,75.8,2026-10-15 10:00:00,PM10,0.8
29.8,75.8,2026-10-15 10:00:00,CO,3.0
29.8,75.8,2026-10-15 10:00:00,NOx,0.12
29.8,75.8,2026-10-15 10:00:00,VOC,0.25
