grid_y,grid_x,latitude,longitude,pollutant,emission_kg_s
0,0,28.185972072072072,76.72153661845913,PM25,0.0
0,1,28.185972072072072,76.77284855335816,PM25,0.0
0,2,28.185972072072072,76.8241604882572,PM25,0.0
0,3,28.185972072072072,76.87547242315624,PM25,0.0
0,4,28.185972072072072,76.92678435805529,PM25,0.0
0,5,28.185972072072072,76.97809629295432,PM25,0.0
0,6,28.185972072072072,77.02940822785337,PM25,0.0
0,7,28.185972072072072,77.0807201627524,PM25,0.0
0,8,28.185972072072072,77.13203209765145,PM25,0.0
0,9,28.185972072072072,77.18334403255048,PM25,0.0
0,10,28.185972072072072,77.23465596744953,PM25,0.0
0,11,28.185972072072072,77.28596790234856,PM25,0.0
0,12,28.185972072072072,77.3372798372476,PM25,0.0
0,13,28.185972072072072,77.38859177214664,PM25,0.0
0,14,28.185972072072072,77.43990370704569,PM25,0.0
0,15,28.185972072072072,77.49121564194472,PM25,0.0
0,16,28.185972072072072,77.54252757684377,PM25,0.0
0,17,28.185972072072072,77.5938395117428,PM25,0.0
0,18,28.185972072072072,77.64515144664185,PM25,0.0
0,19,28.185972072072072,77.69646338154088,PM25,0.0
1,0,28.23101711711712,76.72153661845913,PM25,0.0
1,1,28.23101711711712,76.77284855335816,PM25,0.0
1,2,28.23101711711712,76.8241604882572,PM25,0.0
1,3,28.23101711711712,76.87547242315624,PM25,0.0
1,4,28.23101711711712,76.92678435805529,PM25,0.0
1,5,28.23101711711712,76.97809629295432,PM25,0.0
1,6,28.23101711711712,77.02940822785337,PM25,0.0
1,7,28.23101711711712,77.0807201627524,PM25,0.0
1,8,28.23101711711712,77.13203209765145,PM25,0.0
1,9,28.23101711711712,77.18334403255048,PM25,0.0
1,10,28.23101711711712,77.23465596744953,PM25,0.0
1,11,28.23101711711712,77.28596790234856,PM25,0.0
1,12,28.23101711711712,77.3372798372476,PM25,0.0
1,13,28.23101711711712,77.38859177214664,PM25,0.0
1,14,28.23101711711712,77.43990370704569,PM25,0.0
1,15,28.23101711711712,77.49121564194472,PM25,0.0
1,16,28.23101711711712,77.54252757684377,PM25,0.0
1,17,28.23101711711712,77.5938395117428,PM25,0.0
1,18,28.23101711711712,77.64515144664185,PM25,0.0
1,19,28.23101711711712,77.69646338154088,PM25,0.0
2,0,28.276062162162162,76.72153661845913,PM25,0.0
2,1,28.276062162162162,76.77284855335816,PM25,0.0
2,2,28.276062162162162,76.8241604882572,PM25,0.0
2,3,28.276062162162162,76.87547242315624,PM25,0.0
2,4,28.276062162162162,76.92678435805529,PM25,0.0
2,5,28.276062162162162,76.97809629295432,PM25,0.0
2,6,28.276062162162162,77.02940822785337,PM25,0.0
2,7,28.276062162162162,77.0807201627524,PM25,0.0
2,8,28.276062162162162,77.13203209765145,PM25,0.0
2,9,28.276062162162162,77.18334403255048,PM25,0.0
2,10,28.276062162162162,77.23465596744953,PM25,0.0
2,11,28.276062162162162,77.28596790234856,PM25,0.0
2,12,28.276062162162162,77.3372798372476,PM25,0.0
2,13,28.276062162162162,77.38859177214664,PM25,0.0
2,14,28.276062162162162,77.43990370704569,PM25,0.0
2,15,28.276062162162162,77.49121564194472,PM25,0.0
2,16,28.276062162162162,77.54252757684377,PM25,0.0
2,17,28.276062162162162,77.5938395117428,PM25,0.0
2,18,28.276062162162162,77.64515144664185,PM25,0.0
2,19,28.276062162162162,77.69646338154088,PM25,0.0
3,0,28.32110720720721,76.72153661845913,PM25,0.0
3,1,28.32110720720721,76.77284855335816,PM25,0.0
3,2,28.32110720720721,76.8241604882572,PM25,0.0
3,3,28.32110720720721,76.87547242315624,PM25,0.0
3,4,28.32110720720721,76.92678435805529,PM25,0.0
3,5,28.32110720720721,76.97809629295432,PM25,0.0
3,6,28.32110720720721,77.02940822785337,PM25,0.0
3,7,28.32110720720721,77.0807201627524,PM25,0.0
3,8,28.32110720720721,77.13203209765145,PM25,0.0
3,9,28.32110720720721,77.18334403255048,PM25,0.0
3,10,28.32110720720721,77.23465596744953,PM25,0.0
3,11,28.32110720720721,77.28596790234856,PM25,0.0
3,12,28.32110720720721,77.3372798372476,PM25,0.0
3,13,28.32110720720721,77.38859177214664,PM25,0.0
3,14,28.32110720720721,77.43990370704569,PM25,0.0
3,15,28.32110720720721,77.49121564194472,PM25,0.0
3,16,28.32110720720721,77.54252757684377,PM25,0.0
3,17,28.32110720720721,77.5938395117428,PM25,0.0
3,18,28.32110720720721,77.64515144664185,PM25,0.0
3,19,28.32110720720721,77.69646338154088,PM25,0.0
4,0,28.366152252252252,76.72153661845913,PM25,0.0
4,1,28.366152252252252,76.77284855335816,PM25,0.0
4,2,28.366152252252252,76.8241604882572,PM25,0.0
4,3,28.366152252252252,76.87547242315624,PM25,0.0
4,4,28.366152252252252,76.92678435805529,PM25,0.0
4,5,28.366152252252252,76.97809629295432,PM25,0.0
4,6,28.366152252252252,77.02940822785337,PM25,0.0
4,7,28.366152252252252,77.0807201627524,PM25,0.0
4,8,28.366152252252252,77.13203209765145,PM25,0.0
4,9,28.366152252252252,77.18334403255048,PM25,0.0
4,10,28.366152252252252,77.23465596744953,PM25,0.0
4,11,28.366152252252252,77.28596790234856,PM25,0.0
4,12,28.366152252252252,77.3372798372476,PM25,0.0
4,13,28.366152252252252,77.38859177214664,PM25,0.0
4,14,28.366152252252252,77.43990370704569,PM25,0.0
4,15,28.366152252252252,77.49121564194472,PM25,0.0
4,16,28.366152252252252,77.54252757684377,PM25,0.0
4,17,28.366152252252252,77.5938395117428,PM25,0.0
4,18,28.366152252252252,77.64515144664185,PM25,0.0
4,19,28.366152252252252,77.69646338154088,PM25,0.0
5,0,28.4111972972973,76.72153661845913,PM25,0.0
5,1,28.4111972972973,76.77284855335816,PM25,0.0
5,2,28.4111972972973,76.8241604882572,PM25,0.0
5,3,28.4111972972973,76.87547242315624,PM25,0.0
5,4,28.4111972972973,76.92678435805529,PM25,0.0
5,5,28.4111972972973,76.97809629295432,PM25,0.0
5,6,28.4111972972973,77.02940822785337,PM25,0.0
5,7,28.4111972972973,77.0807201627524,PM25,0.0
5,8,28.4111972972973,77.13203209765145,PM25,0.0
5,9,28.4111972972973,77.18334403255048,PM25,0.0
5,10,28.4111972972973,77.23465596744953,PM25,0.0
5,11,28.4111972972973,77.28596790234856,PM25,0.0
5,12,28.4111972972973,77.3372798372476,PM25,0.0
5,13,28.4111972972973,77.38859177214664,PM25,0.0
5,14,28.4111972972973,77.43990370704569,PM25,0.0
5,15,28.4111972972973,77.49121564194472,PM25,0.0
5,16,28.4111972972973,77.54252757684377,PM25,0.0
5,17,28.4111972972973,77.5938395117428,PM25,0.0
5,18,28.4111972972973,77.64515144664185,PM25,0.0
5,19,28.4111972972973,77.69646338154088,PM25,0.0
6,0,28.456242342342343,76.72153661845913,PM25,0.0
6,1,28.456242342342343,76.77284855335816,PM25,0.0
6,2,28.456242342342343,76.8241604882572,PM25,0.0
6,3,28.456242342342343,76.87547242315624,PM25,0.0
6,4,28.456242342342343,76.92678435805529,PM25,0.0
6,5,28.456242342342343,76.97809629295432,PM25,0.0
6,6,28.456242342342343,77.02940822785337,PM25,0.0
6,7,28.456242342342343,77.0807201627524,PM25,0.0
6,8,28.456242342342343,77.13203209765145,PM25,0.0
6,9,28.456242342342343,77.18334403255048,PM25,0.0
6,10,28.456242342342343,77.23465596744953,PM25,0.0
6,11,28.456242342342343,77.28596790234856,PM25,0.0
6,12,28.456242342342343,77.3372798372476,PM25,0.0
6,13,28.456242342342343,77.38859177214664,PM25,0.0
6,14,28.456242342342343,77.43990370704569,PM25,0.0
6,15,28.456242342342343,77.49121564194472,PM25,0.0
6,16,28.456242342342343,77.54252757684377,PM25,0.0
6,17,28.456242342342343,77.5938395117428,PM25,0.0
6,18,28.456242342342343,77.64515144664185,PM25,0.0
6,19,28.456242342342343,77.69646338154088,PM25,0.0
7,0,28.50128738738739,76.72153661845913,PM25,0.0
7,1,28.50128738738739,76.77284855335816,PM25,0.0
7,2,28.50128738738739,76.8241604882572,PM25,0.0
7,3,28.50128738738739,76.87547242315624,PM25,0.0
7,4,28.50128738738739,76.92678435805529,PM25,0.0
7,5,28.50128738738739,76.97809629295432,PM25,0.0
7,6,28.50128738738739,77.02940822785337,PM25,0.0
7,7,28.50128738738739,77.0807201627524,PM25,0.0
7,8,28.50128738738739,77.13203209765145,PM25,0.0
7,9,28.50128738738739,77.18334403255048,PM25,0.0
7,10,28.50128738738739,77.23465596744953,PM25,0.0
7,11,28.50128738738739,77.28596790234856,PM25,0.0023148148148148147
7,12,28.50128738738739,77.3372798372476,PM25,0.0
7,13,28.50128738738739,77.38859177214664,PM25,0.0
7,14,28.50128738738739,77.43990370704569,PM25,0.0
7,15,28.50128738738739,77.49121564194472,PM25,0.0
7,16,28.50128738738739,77.54252757684377,PM25,0.0
7,17,28.50128738738739,77.5938395117428,PM25,0.0
7,18,28.50128738738739,77.64515144664185,PM25,0.0
7,19,28.50128738738739,77.69646338154088,PM25,0.0
8,0,28.546332432432433,76.72153661845913,PM25,0.0
8,1,28.546332432432433,76.77284855335816,PM25,0.0
8,2,28.546332432432433,76.8241604882572,PM25,0.0
8,3,28.546332432432433,76.87547242315624,PM25,0.0
8,4,28.546332432432433,76.92678435805529,PM25,0.0
8,5,28.546332432432433,76.97809629295432,PM25,0.0
8,6,28.546332432432433,77.02940822785337,PM25,0.0
8,7,28.546332432432433,77.0807201627524,PM25,0.0
8,8,28.546332432432433,77.13203209765145,PM25,0.0
8,9,28.546332432432433,77.18334403255048,PM25,0.0
8,10,28.546332432432433,77.23465596744953,PM25,0.0
8,11,28.546332432432433,77.28596790234856,PM25,0.0
8,12,28.546332432432433,77.3372798372476,PM25,0.0
8,13,28.546332432432433,77.38859177214664,PM25,0.0
8,14,28.546332432432433,77.43990370704569,PM25,0.0
8,15,28.546332432432433,77.49121564194472,PM25,0.0
8,16,28.546332432432433,77.54252757684377,PM25,0.0
8,17,28.546332432432433,77.5938395117428,PM25,0.0
8,18,28.546332432432433,77.64515144664185,PM25,0.0
8,19,28.546332432432433,77.69646338154088,PM25,0.0
9,0,28.59137747747748,76.72153661845913,PM25,0.0
9,1,28.59137747747748,76.77284855335816,PM25,0.0
9,2,28.59137747747748,76.8241604882572,PM25,0.0
9,3,28.59137747747748,76.87547242315624,PM25,0.0
9,4,28.59137747747748,76.92678435805529,PM25,0.0
9,5,28.59137747747748,76.97809629295432,PM25,0.0
9,6,28.59137747747748,77.02940822785337,PM25,0.0
9,7,28.59137747747748,77.0807201627524,PM25,0.0
9,8,28.59137747747748,77.13203209765145,PM25,0.0
9,9,28.59137747747748,77.18334403255048,PM25,0.0
9,10,28.59137747747748,77.23465596744953,PM25,0.0011574074074074073
9,11,28.59137747747748,77.28596790234856,PM25,0.0
9,12,28.59137747747748,77.3372798372476,PM25,0.0
9,13,28.59137747747748,77.38859177214664,PM25,0.0
9,14,28.59137747747748,77.43990370704569,PM25,0.0
9,15,28.59137747747748,77.49121564194472,PM25,0.0
9,16,28.59137747747748,77.54252757684377,PM25,0.0
9,17,28.59137747747748,77.5938395117428,PM25,0.0
9,18,28.59137747747748,77.64515144664185,PM25,0.0
9,19,28.59137747747748,77.69646338154088,PM25,0.0
10,0,28.636422522522523,76.72153661845913,PM25,0.0
10,1,28.636422522522523,76.77284855335816,PM25,0.0
10,2,28.636422522522523,76.8241604882572,PM25,0.0
10,3,28.636422522522523,76.87547242315624,PM25,0.0
10,4,28.636422522522523,76.92678435805529,PM25,0.0
10,5,28.636422522522523,76.97809629295432,PM25,0.0
10,6,28.636422522522523,77.02940822785337,PM25,0.0
10,7,28.636422522522523,77.0807201627524,PM25,0.0
10,8,28.636422522522523,77.13203209765145,PM25,0.0
10,9,28.636422522522523,77.18334403255048,PM25,0.0
10,10,28.636422522522523,77.23465596744953,PM25,0.0
10,11,28.636422522522523,77.28596790234856,PM25,0.0
10,12,28.636422522522523,77.3372798372476,PM25,0.0
10,13,28.636422522522523,77.38859177214664,PM25,0.0
10,14,28.636422522522523,77.43990370704569,PM25,0.0
10,15,28.636422522522523,77.49121564194472,PM25,0.0
10,16,28.636422522522523,77.54252757684377,PM25,0.0
10,17,28.636422522522523,77.5938395117428,PM25,0.0
10,18,28.636422522522523,77.64515144664185,PM25,0.0
10,19,28.636422522522523,77.69646338154088,PM25,0.0
11,0,28.68146756756757,76.72153661845913,PM25,0.0
11,1,28.68146756756757,76.77284855335816,PM25,0.0
11,2,28.68146756756757,76.8241604882572,PM25,0.0
11,3,28.68146756756757,76.87547242315624,PM25,0.0
11,4,28.68146756756757,76.92678435805529,PM25,0.0
11,5,28.68146756756757,76.97809629295432,PM25,0.0
11,6,28.68146756756757,77.02940822785337,PM25,0.0
11,7,28.68146756756757,77.0807201627524,PM25,0.0
11,8,28.68146756756757,77.13203209765145,PM25,0.0
11,9,28.68146756756757,77.18334403255048,PM25,0.0
11,10,28.68146756756757,77.23465596744953,PM25,0.0
11,11,28.68146756756757,77.28596790234856,PM25,0.0
11,12,28.68146756756757,77.3372798372476,PM25,0.0
11,13,28.68146756756757,77.38859177214664,PM25,0.0
11,14,28.68146756756757,77.43990370704569,PM25,0.0
11,15,28.68146756756757,77.49121564194472,PM25,0.0
11,16,28.68146756756757,77.54252757684377,PM25,0.0
11,17,28.68146756756757,77.5938395117428,PM25,0.0
11,18,28.68146756756757,77.64515144664185,PM25,0.0
11,19,28.68146756756757,77.69646338154088,PM25,0.0
12,0,28.726512612612613,76.72153661845913,PM25,0.0
12,1,28.726512612612613,76.77284855335816,PM25,0.0
12,2,28.726512612612613,76.8241604882572,PM25,0.0
12,3,28.726512612612613,76.87547242315624,PM25,0.0
12,4,28.726512612612613,76.92678435805529,PM25,0.0
12,5,28.726512612612613,76.97809629295432,PM25,0.0
12,6,28.726512612612613,77.02940822785337,PM25,0.0
12,7,28.726512612612613,77.0807201627524,PM25,0.0
12,8,28.726512612612613,77.13203209765145,PM25,0.0
12,9,28.726512612612613,77.18334403255048,PM25,0.0
12,10,28.726512612612613,77.23465596744953,PM25,0.0
12,11,28.726512612612613,77.28596790234856,PM25,0.0
12,12,28.726512612612613,77.3372798372476,PM25,0.0
12,13,28.726512612612613,77.38859177214664,PM25,0.0
12,14,28.726512612612613,77.43990370704569,PM25,0.0
12,15,28.726512612612613,77.49121564194472,PM25,0.0
12,16,28.726512612612613,77.54252757684377,PM25,0.0
12,17,28.726512612612613,77.5938395117428,PM25,0.0
12,18,28.726512612612613,77.64515144664185,PM25,0.0
12,19,28.726512612612613,77.69646338154088,PM25,0.0
13,0,28.77155765765766,76.72153661845913,PM25,0.0
13,1,28.77155765765766,76.77284855335816,PM25,0.0
13,2,28.77155765765766,76.8241604882572,PM25,0.0
13,3,28.77155765765766,76.87547242315624,PM25,0.0
13,4,28.77155765765766,76.92678435805529,PM25,0.0
13,5,28.77155765765766,76.97809629295432,PM25,0.0
13,6,28.77155765765766,77.02940822785337,PM25,0.0
13,7,28.77155765765766,77.0807201627524,PM25,0.0
13,8,28.77155765765766,77.13203209765145,PM25,0.0
13,9,28.77155765765766,77.18334403255048,PM25,0.0
13,10,28.77155765765766,77.23465596744953,PM25,0.0
13,11,28.77155765765766,77.28596790234856,PM25,0.0
13,12,28.77155765765766,77.3372798372476,PM25,0.0
13,13,28.77155765765766,77.38859177214664,PM25,0.0
13,14,28.77155765765766,77.43990370704569,PM25,0.0
13,15,28.77155765765766,77.49121564194472,PM25,0.0
13,16,28.77155765765766,77.54252757684377,PM25,0.0
13,17,28.77155765765766,77.5938395117428,PM25,0.0
13,18,28.77155765765766,77.64515144664185,PM25,0.0
13,19,28.77155765765766,77.69646338154088,PM25,0.0
14,0,28.816602702702703,76.72153661845913,PM25,0.0
14,1,28.816602702702703,76.77284855335816,PM25,0.0
14,2,28.816602702702703,76.8241604882572,PM25,0.0
14,3,28.816602702702703,76.87547242315624,PM25,0.0
14,4,28.816602702702703,76.92678435805529,PM25,0.0
14,5,28.816602702702703,76.97809629295432,PM25,0.0
14,6,28.816602702702703,77.02940822785337,PM25,0.0
14,7,28.816602702702703,77.0807201627524,PM25,0.0
14,8,28.816602702702703,77.13203209765145,PM25,0.0
14,9,28.816602702702703,77.18334403255048,PM25,0.0
14,10,28.816602702702703,77.23465596744953,PM25,0.0
14,11,28.816602702702703,77.28596790234856,PM25,0.0
14,12,28.816602702702703,77.3372798372476,PM25,0.0
14,13,28.816602702702703,77.38859177214664,PM25,0.0
14,14,28.816602702702703,77.43990370704569,PM25,0.0
14,15,28.816602702702703,77.49121564194472,PM25,0.0
14,16,28.816602702702703,77.54252757684377,PM25,0.0
14,17,28.816602702702703,77.5938395117428,PM25,0.0
14,18,28.816602702702703,77.64515144664185,PM25,0.0
14,19,28.816602702702703,77.69646338154088,PM25,0.0
15,0,28.86164774774775,76.72153661845913,PM25,0.0
15,1,28.86164774774775,76.77284855335816,PM25,0.0
15,2,28.86164774774775,76.8241604882572,PM25,0.0
15,3,28.86164774774775,76.87547242315624,PM25,0.0
15,4,28.86164774774775,76.92678435805529,PM25,0.0
15,5,28.86164774774775,76.97809629295432,PM25,0.0
15,6,28.86164774774775,77.02940822785337,PM25,0.0
15,7,28.86164774774775,77.0807201627524,PM25,0.0
15,8,28.86164774774775,77.13203209765145,PM25,0.0
15,9,28.86164774774775,77.18334403255048,PM25,0.0
15,10,28.86164774774775,77.23465596744953,PM25,0.0
15,11,28.86164774774775,77.28596790234856,PM25,0.0
15,12,28.86164774774775,77.3372798372476,PM25,0.0
15,13,28.86164774774775,77.38859177214664,PM25,0.0
15,14,28.86164774774775,77.43990370704569,PM25,0.0
15,15,28.86164774774775,77.49121564194472,PM25,0.0
15,16,28.86164774774775,77.54252757684377,PM25,0.0
15,17,28.86164774774775,77.5938395117428,PM25,0.0
15,18,28.86164774774775,77.64515144664185,PM25,0.0
15,19,28.86164774774775,77.69646338154088,PM25,0.0
16,0,28.906692792792793,76.72153661845913,PM25,0.0
16,1,28.906692792792793,76.77284855335816,PM25,0.0
16,2,28.906692792792793,76.8241604882572,PM25,0.0
16,3,28.906692792792793,76.87547242315624,PM25,0.0
16,4,28.906692792792793,76.92678435805529,PM25,0.0
16,5,28.906692792792793,76.97809629295432,PM25,0.0
16,6,28.906692792792793,77.02940822785337,PM25,0.0
16,7,28.906692792792793,77.0807201627524,PM25,0.0
16,8,28.906692792792793,77.13203209765145,PM25,0.0
16,9,28.906692792792793,77.18334403255048,PM25,0.0
16,10,28.906692792792793,77.23465596744953,PM25,0.0
16,11,28.906692792792793,77.28596790234856,PM25,0.0
16,12,28.906692792792793,77.3372798372476,PM25,0.0
16,13,28.906692792792793,77.38859177214664,PM25,0.0
16,14,28.906692792792793,77.43990370704569,PM25,0.0
16,15,28.906692792792793,77.49121564194472,PM25,0.0
16,16,28.906692792792793,77.54252757684377,PM25,0.0
16,17,28.906692792792793,77.5938395117428,PM25,0.0
16,18,28.906692792792793,77.64515144664185,PM25,0.0
16,19,28.906692792792793,77.69646338154088,PM25,0.0
17,0,28.95173783783784,76.72153661845913,PM25,0.0
17,1,28.95173783783784,76.77284855335816,PM25,0.0
17,2,28.95173783783784,76.8241604882572,PM25,0.0
17,3,28.95173783783784,76.87547242315624,PM25,0.0
17,4,28.95173783783784,76.92678435805529,PM25,0.0
17,5,28.95173783783784,76.97809629295432,PM25,0.0
17,6,28.95173783783784,77.02940822785337,PM25,0.0
17,7,28.95173783783784,77.0807201627524,PM25,0.0
17,8,28.95173783783784,77.13203209765145,PM25,0.0
17,9,28.95173783783784,77.18334403255048,PM25,0.0
17,10,28.95173783783784,77.23465596744953,PM25,0.0
17,11,28.95173783783784,77.28596790234856,PM25,0.0
17,12,28.95173783783784,77.3372798372476,PM25,0.0
17,13,28.95173783783784,77.38859177214664,PM25,0.0
17,14,28.95173783783784,77.43990370704569,PM25,0.0
17,15,28.95173783783784,77.49121564194472,PM25,0.0
17,16,28.95173783783784,77.54252757684377,PM25,0.0
17,17,28.95173783783784,77.5938395117428,PM25,0.0
17,18,28.95173783783784,77.64515144664185,PM25,0.0
17,19,28.95173783783784,77.69646338154088,PM25,0.0
18,0,28.996782882882883,76.72153661845913,PM25,0.0
18,1,28.996782882882883,76.77284855335816,PM25,0.0
18,2,28.996782882882883,76.8241604882572,PM25,0.0
18,3,28.996782882882883,76.87547242315624,PM25,0.003472222222222222
18,4,28.996782882882883,76.92678435805529,PM25,0.0
18,5,28.996782882882883,76.97809629295432,PM25,0.0
18,6,28.996782882882883,77.02940822785337,PM25,0.0
18,7,28.996782882882883,77.0807201627524,PM25,0.0
18,8,28.996782882882883,77.13203209765145,PM25,0.0
18,9,28.996782882882883,77.18334403255048,PM25,0.0
18,10,28.996782882882883,77.23465596744953,PM25,0.0
18,11,28.996782882882883,77.28596790234856,PM25,0.0
18,12,28.996782882882883,77.3372798372476,PM25,0.0
18,13,28.996782882882883,77.38859177214664,PM25,0.0
18,14,28.996782882882883,77.43990370704569,PM25,0.0
18,15,28.996782882882883,77.49121564194472,PM25,0.0
18,16,28.996782882882883,77.54252757684377,PM25,0.0
18,17,28.996782882882883,77.5938395117428,PM25,0.0
18,18,28.996782882882883,77.64515144664185,PM25,0.0
18,19,28.996782882882883,77.69646338154088,PM25,0.0
19,0,29.04182792792793,76.72153661845913,PM25,0.0
19,1,29.04182792792793,76.77284855335816,PM25,0.0
19,2,29.04182792792793,76.8241604882572,PM25,0.0
19,3,29.04182792792793,76.87547242315624,PM25,0.0
19,4,29.04182792792793,76.92678435805529,PM25,0.0
19,5,29.04182792792793,76.97809629295432,PM25,0.0
19,6,29.04182792792793,77.02940822785337,PM25,0.0
19,7,29.04182792792793,77.0807201627524,PM25,0.0
19,8,29.04182792792793,77.13203209765145,PM25,0.0
19,9,29.04182792792793,77.18334403255048,PM25,0.0
19,10,29.04182792792793,77.23465596744953,PM25,0.0
19,11,29.04182792792793,77.28596790234856,PM25,0.0
19,12,29.04182792792793,77.3372798372476,PM25,0.0
19,13,29.04182792792793,77.38859177214664,PM25,0.0
19,14,29.04182792792793,77.43990370704569,PM25,0.0
19,15,29.04182792792793,77.49121564194472,PM25,0.0
19,16,29.04182792792793,77.54252757684377,PM25,0.0
19,17,29.04182792792793,77.5938395117428,PM25,0.0
19,18,29.04182792792793,77.64515144664185,PM25,0.0
19,19,29.04182792792793,77.69646338154088,PM25,0.0
0,0,28.185972072072072,76.72153661845913,PM10,0.0
0,1,28.185972072072072,76.77284855335816,PM10,0.0
0,2,28.185972072072072,76.8241604882572,PM10,0.0
0,3,28.185972072072072,76.87547242315624,PM10,0.0
0,4,28.185972072072072,76.92678435805529,PM10,0.0
0,5,28.185972072072072,76.97809629295432,PM10,0.0
0,6,28.185972072072072,77.02940822785337,PM10,0.0
0,7,28.185972072072072,77.0807201627524,PM10,0.0
0,8,28.185972072072072,77.13203209765145,PM10,0.0
0,9,28.185972072072072,77.18334403255048,PM10,0.0
0,10,28.185972072072072,77.23465596744953,PM10,0.0
0,11,28.185972072072072,77.28596790234856,PM10,0.0
0,12,28.185972072072072,77.3372798372476,PM10,0.0
0,13,28.185972072072072,77.38859177214664,PM10,0.0
0,14,28.185972072072072,77.43990370704569,PM10,0.0
0,15,28.185972072072072,77.49121564194472,PM10,0.0
0,16,28.185972072072072,77.54252757684377,PM10,0.0
0,17,28.185972072072072,77.5938395117428,PM10,0.0
0,18,28.185972072072072,77.64515144664185,PM10,0.0
0,19,28.185972072072072,77.69646338154088,PM10,0.0
1,0,28.23101711711712,76.72153661845913,PM10,0.0
1,1,28.23101711711712,76.77284855335816,PM10,0.0
1,2,28.23101711711712,76.8241604882572,PM10,0.0
1,3,28.23101711711712,76.87547242315624,PM10,0.0
1,4,28.23101711711712,76.92678435805529,PM10,0.0
1,5,28.23101711711712,76.97809629295432,PM10,0.0
1,6,28.23101711711712,77.02940822785337,PM10,0.0
1,7,28.23101711711712,77.0807201627524,PM10,0.0
1,8,28.23101711711712,77.13203209765145,PM10,0.0
1,9,28.23101711711712,77.18334403255048,PM10,0.0
1,10,28.23101711711712,77.23465596744953,PM10,0.0
1,11,28.23101711711712,77.28596790234856,PM10,0.0
1,12,28.23101711711712,77.3372798372476,PM10,0.0
1,13,28.23101711711712,77.38859177214664,PM10,0.0
1,14,28.23101711711712,77.43990370704569,PM10,0.0
1,15,28.23101711711712,77.49121564194472,PM10,0.0
1,16,28.23101711711712,77.54252757684377,PM10,0.0
1,17,28.23101711711712,77.5938395117428,PM10,0.0
1,18,28.23101711711712,77.64515144664185,PM10,0.0
1,19,28.23101711711712,77.69646338154088,PM10,0.0
2,0,28.276062162162162,76.72153661845913,PM10,0.0
2,1,28.276062162162162,76.77284855335816,PM10,0.0
2,2,28.276062162162162,76.8241604882572,PM10,0.0
2,3,28.276062162162162,76.87547242315624,PM10,0.0
2,4,28.276062162162162,76.92678435805529,PM10,0.0
2,5,28.276062162162162,76.97809629295432,PM10,0.0
2,6,28.276062162162162,77.02940822785337,PM10,0.0
2,7,28.276062162162162,77.0807201627524,PM10,0.0
2,8,28.276062162162162,77.13203209765145,PM10,0.0
2,9,28.276062162162162,77.18334403255048,PM10,0.0
2,10,28.276062162162162,77.23465596744953,PM10,0.0
2,11,28.276062162162162,77.28596790234856,PM10,0.0
2,12,28.276062162162162,77.3372798372476,PM10,0.0
2,13,28.276062162162162,77.38859177214664,PM10,0.0
2,14,28.276062162162162,77.43990370704569,PM10,0.0
2,15,28.276062162162162,77.49121564194472,PM10,0.0
2,16,28.276062162162162,77.54252757684377,PM10,0.0
2,17,28.276062162162162,77.5938395117428,PM10,0.0
2,18,28.276062162162162,77.64515144664185,PM10,0.0
2,19,28.276062162162162,77.69646338154088,PM10,0.0
3,0,28.32110720720721,76.72153661845913,PM10,0.0
3,1,28.32110720720721,76.77284855335816,PM10,0.0
3,2,28.32110720720721,76.8241604882572,PM10,0.0
3,3,28.32110720720721,76.87547242315624,PM10,0.0
3,4,28.32110720720721,76.92678435805529,PM10,0.0
3,5,28.32110720720721,76.97809629295432,PM10,0.0
3,6,28.32110720720721,77.02940822785337,PM10,0.0
3,7,28.32110720720721,77.0807201627524,PM10,0.0
3,8,28.32110720720721,77.13203209765145,PM10,0.0
3,9,28.32110720720721,77.18334403255048,PM10,0.0
3,10,28.32110720720721,77.23465596744953,PM10,0.0
3,11,28.32110720720721,77.28596790234856,PM10,0.0
3,12,28.32110720720721,77.3372798372476,PM10,0.0
3,13,28.32110720720721,77.38859177214664,PM10,0.0
3,14,28.32110720720721,77.43990370704569,PM10,0.0
3,15,28.32110720720721,77.49121564194472,PM10,0.0
3,16,28.32110720720721,77.54252757684377,PM10,0.0
3,17,28.32110720720721,77.5938395117428,PM10,0.0
3,18,28.32110720720721,77.64515144664185,PM10,0.0
3,19,28.32110720720721,77.69646338154088,PM10,0.0
4,0,28.366152252252252,76.72153661845913,PM10,0.0
4,1,28.366152252252252,76.77284855335816,PM10,0.0
4,2,28.366152252252252,76.8241604882572,PM10,0.0
4,3,28.366152252252252,76.87547242315624,PM10,0.0
4,4,28.366152252252252,76.92678435805529,PM10,0.0
4,5,28.366152252252252,76.97809629295432,PM10,0.0
4,6,28.366152252252252,77.02940822785337,PM10,0.0
4,7,28.366152252252252,77.0807201627524,PM10,0.0
4,8,28.366152252252252,77.13203209765145,PM10,0.0
4,9,28.366152252252252,77.18334403255048,PM10,0.0
4,10,28.366152252252252,77.23465596744953,PM10,0.0
4,11,28.366152252252252,77.28596790234856,PM10,0.0
4,12,28.366152252252252,77.3372798372476,PM10,0.0
4,13,28.366152252252252,77.38859177214664,PM10,0.0
4,14,28.366152252252252,77.43990370704569,PM10,0.0
4,15,28.366152252252252,77.49121564194472,PM10,0.0
4,16,28.366152252252252,77.54252757684377,PM10,0.0
4,17,28.366152252252252,77.5938395117428,PM10,0.0
4,18,28.366152252252252,77.64515144664185,PM10,0.0
4,19,28.366152252252252,77.69646338154088,PM10,0.0
5,0,28.4111972972973,76.72153661845913,PM10,0.0
5,1,28.4111972972973,76.77284855335816,PM10,0.0
5,2,28.4111972972973,76.8241604882572,PM10,0.0
5,3,28.4111972972973,76.87547242315624,PM10,0.0
5,4,28.4111972972973,76.92678435805529,PM10,0.0
5,5,28.4111972972973,76.97809629295432,PM10,0.0
5,6,28.4111972972973,77.02940822785337,PM10,0.0
5,7,28.4111972972973,77.0807201627524,PM10,0.0
5,8,28.4111972972973,77.13203209765145,PM10,0.0
5,9,28.4111972972973,77.18334403255048,PM10,0.0
5,10,28.4111972972973,77.23465596744953,PM10,0.0
5,11,28.4111972972973,77.28596790234856,PM10,0.0
5,12,28.4111972972973,77.3372798372476,PM10,0.0
5,13,28.4111972972973,77.38859177214664,PM10,0.0
5,14,28.4111972972973,77.43990370704569,PM10,0.0
5,15,28.4111972972973,77.49121564194472,PM10,0.0
5,16,28.4111972972973,77.54252757684377,PM10,0.0
5,17,28.4111972972973,77.5938395117428,PM10,0.0
5,18,28.4111972972973,77.64515144664185,PM10,0.0
5,19,28.4111972972973,77.69646338154088,PM10,0.0
6,0,28.456242342342343,76.72153661845913,PM10,0.0
6,1,28.456242342342343,76.77284855335816,PM10,0.0
6,2,28.456242342342343,76.8241604882572,PM10,0.0
6,3,28.456242342342343,76.87547242315624,PM10,0.0
6,4,28.456242342342343,76.92678435805529,PM10,0.0
6,5,28.456242342342343,76.97809629295432,PM10,0.0
6,6,28.456242342342343,77.02940822785337,PM10,0.0
6,7,28.456242342342343,77.0807201627524,PM10,0.0
6,8,28.456242342342343,77.13203209765145,PM10,0.0
6,9,28.456242342342343,77.18334403255048,PM10,0.0
6,10,28.456242342342343,77.23465596744953,PM10,0.0
6,11,28.456242342342343,77.28596790234856,PM10,0.0
6,12,28.456242342342343,77.3372798372476,PM10,0.0
6,13,28.456242342342343,77.38859177214664,PM10,0.0
6,14,28.456242342342343,77.43990370704569,PM10,0.0
6,15,28.456242342342343,77.49121564194472,PM10,0.0
6,16,28.456242342342343,77.54252757684377,PM10,0.0
6,17,28.456242342342343,77.5938395117428,PM10,0.0
6,18,28.456242342342343,77.64515144664185,PM10,0.0
6,19,28.456242342342343,77.69646338154088,PM10,0.0
7,0,28.50128738738739,76.72153661845913,PM10,0.0
7,1,28.50128738738739,76.77284855335816,PM10,0.0
7,2,28.50128738738739,76.8241604882572,PM10,0.0
7,3,28.50128738738739,76.87547242315624,PM10,0.0
7,4,28.50128738738739,76.92678435805529,PM10,0.0
7,5,28.50128738738739,76.97809629295432,PM10,0.0
7,6,28.50128738738739,77.02940822785337,PM10,0.0
7,7,28.50128738738739,77.0807201627524,PM10,0.0
7,8,28.50128738738739,77.13203209765145,PM10,0.0
7,9,28.50128738738739,77.18334403255048,PM10,0.0
7,10,28.50128738738739,77.23465596744953,PM10,0.0
7,11,28.50128738738739,77.28596790234856,PM10,0.0
7,12,28.50128738738739,77.3372798372476,PM10,0.0
7,13,28.50128738738739,77.38859177214664,PM10,0.0
7,14,28.50128738738739,77.43990370704569,PM10,0.0
7,15,28.50128738738739,77.49121564194472,PM10,0.0
7,16,28.50128738738739,77.54252757684377,PM10,0.0
7,17,28.50128738738739,77.5938395117428,PM10,0.0
7,18,28.50128738738739,77.64515144664185,PM10,0.0
7,19,28.50128738738739,77.69646338154088,PM10,0.0
8,0,28.546332432432433,76.72153661845913,PM10,0.0
8,1,28.546332432432433,76.77284855335816,PM10,0.0
8,2,28.546332432432433,76.8241604882572,PM10,0.0
8,3,28.546332432432433,76.87547242315624,PM10,0.0
8,4,28.546332432432433,76.92678435805529,PM10,0.0
8,5,28.546332432432433,76.97809629295432,PM10,0.0
8,6,28.546332432432433,77.02940822785337,PM10,0.0
8,7,28.546332432432433,77.0807201627524,PM10,0.0
8,8,28.546332432432433,77.13203209765145,PM10,0.0
8,9,28.546332432432433,77.18334403255048,PM10,0.0
8,10,28.546332432432433,77.23465596744953,PM10,0.0
8,11,28.546332432432433,77.28596790234856,PM10,0.0
8,12,28.546332432432433,77.3372798372476,PM10,0.004629629629629629
8,13,28.546332432432433,77.38859177214664,PM10,0.0
8,14,28.546332432432433,77.43990370704569,PM10,0.0
8,15,28.546332432432433,77.49121564194472,PM10,0.0
8,16,28.546332432432433,77.54252757684377,PM10,0.0
8,17,28.546332432432433,77.5938395117428,PM10,0.0
8,18,28.546332432432433,77.64515144664185,PM10,0.0
8,19,28.546332432432433,77.69646338154088,PM10,0.0
9,0,28.59137747747748,76.72153661845913,PM10,0.0
9,1,28.59137747747748,76.77284855335816,PM10,0.0
9,2,28.59137747747748,76.8241604882572,PM10,0.0
9,3,28.59137747747748,76.87547242315624,PM10,0.0
9,4,28.59137747747748,76.92678435805529,PM10,0.0
9,5,28.59137747747748,76.97809629295432,PM10,0.0
9,6,28.59137747747748,77.02940822785337,PM10,0.0
9,7,28.59137747747748,77.0807201627524,PM10,0.0
9,8,28.59137747747748,77.13203209765145,PM10,0.0
9,9,28.59137747747748,77.18334403255048,PM10,0.0
9,10,28.59137747747748,77.23465596744953,PM10,0.0
9,11,28.59137747747748,77.28596790234856,PM10,0.0
9,12,28.59137747747748,77.3372798372476,PM10,0.0
9,13,28.59137747747748,77.38859177214664,PM10,0.0
9,14,28.59137747747748,77.43990370704569,PM10,0.0
9,15,28.59137747747748,77.49121564194472,PM10,0.0
9,16,28.59137747747748,77.54252757684377,PM10,0.0
9,17,28.59137747747748,77.5938395117428,PM10,0.0
9,18,28.59137747747748,77.64515144664185,PM10,0.0
9,19,28.59137747747748,77.69646338154088,PM10,0.0
10,0,28.636422522522523,76.72153661845913,PM10,0.0
10,1,28.636422522522523,76.77284855335816,PM10,0.0
10,2,28.636422522522523,76.8241604882572,PM10,0.0
10,3,28.636422522522523,76.87547242315624,PM10,0.0
10,4,28.636422522522523,76.92678435805529,PM10,0.0
10,5,28.636422522522523,76.97809629295432,PM10,0.0
10,6,28.636422522522523,77.02940822785337,PM10,0.0
10,7,28.636422522522523,77.0807201627524,PM10,0.0
10,8,28.636422522522523,77.13203209765145,PM10,0.0
10,9,28.636422522522523,77.18334403255048,PM10,0.0
10,10,28.636422522522523,77.23465596744953,PM10,0.0020833333333333333
10,11,28.636422522522523,77.28596790234856,PM10,0.0
10,12,28.636422522522523,77.3372798372476,PM10,0.0
10,13,28.636422522522523,77.38859177214664,PM10,0.0
10,14,28.636422522522523,77.43990370704569,PM10,0.0
10,15,28.636422522522523,77.49121564194472,PM10,0.0
10,16,28.636422522522523,77.54252757684377,PM10,0.0
10,17,28.636422522522523,77.5938395117428,PM10,0.0
10,18,28.636422522522523,77.64515144664185,PM10,0.0
10,19,28.636422522522523,77.69646338154088,PM10,0.0
11,0,28.68146756756757,76.72153661845913,PM10,0.0
11,1,28.68146756756757,76.77284855335816,PM10,0.0
11,2,28.68146756756757,76.8241604882572,PM10,0.0
11,3,28.68146756756757,76.87547242315624,PM10,0.0
11,4,28.68146756756757,76.92678435805529,PM10,0.0
11,5,28.68146756756757,76.97809629295432,PM10,0.0
11,6,28.68146756756757,77.02940822785337,PM10,0.0
11,7,28.68146756756757,77.0807201627524,PM10,0.0
11,8,28.68146756756757,77.13203209765145,PM10,0.0
11,9,28.68146756756757,77.18334403255048,PM10,0.0
11,10,28.68146756756757,77.23465596744953,PM10,0.0
11,11,28.68146756756757,77.28596790234856,PM10,0.0
11,12,28.68146756756757,77.3372798372476,PM10,0.0
11,13,28.68146756756757,77.38859177214664,PM10,0.0
11,14,28.68146756756757,77.43990370704569,PM10,0.0
11,15,28.68146756756757,77.49121564194472,PM10,0.0
11,16,28.68146756756757,77.54252757684377,PM10,0.0
11,17,28.68146756756757,77.5938395117428,PM10,0.0
11,18,28.68146756756757,77.64515144664185,PM10,0.0
11,19,28.68146756756757,77.69646338154088,PM10,0.0
12,0,28.726512612612613,76.72153661845913,PM10,0.0
12,1,28.726512612612613,76.77284855335816,PM10,0.0
12,2,28.726512612612613,76.8241604882572,PM10,0.0
12,3,28.726512612612613,76.87547242315624,PM10,0.0
12,4,28.726512612612613,76.92678435805529,PM10,0.0
12,5,28.726512612612613,76.97809629295432,PM10,0.0
12,6,28.726512612612613,77.02940822785337,PM10,0.0
12,7,28.726512612612613,77.0807201627524,PM10,0.0
12,8,28.726512612612613,77.13203209765145,PM10,0.0
12,9,28.726512612612613,77.18334403255048,PM10,0.0
12,10,28.726512612612613,77.23465596744953,PM10,0.0
12,11,28.726512612612613,77.28596790234856,PM10,0.0
12,12,28.726512612612613,77.3372798372476,PM10,0.0
12,13,28.726512612612613,77.38859177214664,PM10,0.0
12,14,28.726512612612613,77.43990370704569,PM10,0.0
12,15,28.726512612612613,77.49121564194472,PM10,0.0
12,16,28.726512612612613,77.54252757684377,PM10,0.0
12,17,28.726512612612613,77.5938395117428,PM10,0.0
12,18,28.726512612612613,77.64515144664185,PM10,0.0
12,19,28.726512612612613,77.69646338154088,PM10,0.0
13,0,28.77155765765766,76.72153661845913,PM10,0.0
13,1,28.77155765765766,76.77284855335816,PM10,0.0
13,2,28.77155765765766,76.8241604882572,PM10,0.0
13,3,28.77155765765766,76.87547242315624,PM10,0.0
13,4,28.77155765765766,76.92678435805529,PM10,0.0
13,5,28.77155765765766,76.97809629295432,PM10,0.0
13,6,28.77155765765766,77.02940822785337,PM10,0.0
13,7,28.77155765765766,77.0807201627524,PM10,0.0
13,8,28.77155765765766,77.13203209765145,PM10,0.0
13,9,28.77155765765766,77.18334403255048,PM10,0.0
13,10,28.77155765765766,77.23465596744953,PM10,0.0
13,11,28.77155765765766,77.28596790234856,PM10,0.0
13,12,28.77155765765766,77.3372798372476,PM10,0.0
13,13,28.77155765765766,77.38859177214664,PM10,0.0
13,14,28.77155765765766,77.43990370704569,PM10,0.0
13,15,28.77155765765766,77.49121564194472,PM10,0.0
13,16,28.77155765765766,77.54252757684377,PM10,0.0
13,17,28.77155765765766,77.5938395117428,PM10,0.0
13,18,28.77155765765766,77.64515144664185,PM10,0.0
13,19,28.77155765765766,77.69646338154088,PM10,0.0
14,0,28.816602702702703,76.72153661845913,PM10,0.0
14,1,28.816602702702703,76.77284855335816,PM10,0.0
14,2,28.816602702702703,76.8241604882572,PM10,0.0
14,3,28.816602702702703,76.87547242315624,PM10,0.0
14,4,28.816602702702703,76.92678435805529,PM10,0.0
14,5,28.816602702702703,76.97809629295432,PM10,0.0
14,6,28.816602702702703,77.02940822785337,PM10,0.0
14,7,28.816602702702703,77.0807201627524,PM10,0.0
14,8,28.816602702702703,77.13203209765145,PM10,0.0
14,9,28.816602702702703,77.18334403255048,PM10,0.0
14,10,28.816602702702703,77.23465596744953,PM10,0.0
14,11,28.816602702702703,77.28596790234856,PM10,0.0
14,12,28.816602702702703,77.3372798372476,PM10,0.0
14,13,28.816602702702703,77.38859177214664,PM10,0.0
14,14,28.816602702702703,77.43990370704569,PM10,0.0
14,15,28.816602702702703,77.49121564194472,PM10,0.0
14,16,28.816602702702703,77.54252757684377,PM10,0.0
14,17,28.816602702702703,77.5938395117428,PM10,0.0
14,18,28.816602702702703,77.64515144664185,PM10,0.0
14,19,28.816602702702703,77.69646338154088,PM10,0.0
15,0,28.86164774774775,76.72153661845913,PM10,0.0
15,1,28.86164774774775,76.77284855335816,PM10,0.0
15,2,28.86164774774775,76.8241604882572,PM10,0.0
15,3,28.86164774774775,76.87547242315624,PM10,0.0
15,4,28.86164774774775,76.92678435805529,PM10,0.0
15,5,28.86164774774775,76.97809629295432,PM10,0.0
15,6,28.86164774774775,77.02940822785337,PM10,0.0
15,7,28.86164774774775,77.0807201627524,PM10,0.0
15,8,28.86164774774775,77.13203209765145,PM10,0.0
15,9,28.86164774774775,77.18334403255048,PM10,0.0
15,10,28.86164774774775,77.23465596744953,PM10,0.0
15,11,28.86164774774775,77.28596790234856,PM10,0.0
15,12,28.86164774774775,77.3372798372476,PM10,0.0
15,13,28.86164774774775,77.38859177214664,PM10,0.0
15,14,28.86164774774775,77.43990370704569,PM10,0.0
15,15,28.86164774774775,77.49121564194472,PM10,0.0
15,16,28.86164774774775,77.54252757684377,PM10,0.0
15,17,28.86164774774775,77.5938395117428,PM10,0.0
15,18,28.86164774774775,77.64515144664185,PM10,0.0
15,19,28.86164774774775,77.69646338154088,PM10,0.0
16,0,28.906692792792793,76.72153661845913,PM10,0.0
16,1,28.906692792792793,76.77284855335816,PM10,0.0
16,2,28.906692792792793,76.8241604882572,PM10,0.0
16,3,28.906692792792793,76.87547242315624,PM10,0.0
16,4,28.906692792792793,76.92678435805529,PM10,0.0
16,5,28.906692792792793,76.97809629295432,PM10,0.0
16,6,28.906692792792793,77.02940822785337,PM10,0.0
16,7,28.906692792792793,77.0807201627524,PM10,0.0
16,8,28.906692792792793,77.13203209765145,PM10,0.0
16,9,28.906692792792793,77.18334403255048,PM10,0.0
16,10,28.906692792792793,77.23465596744953,PM10,0.0
16,11,28.906692792792793,77.28596790234856,PM10,0.0
16,12,28.906692792792793,77.3372798372476,PM10,0.0
16,13,28.906692792792793,77.38859177214664,PM10,0.0
16,14,28.906692792792793,77.43990370704569,PM10,0.0
16,15,28.906692792792793,77.49121564194472,PM10,0.0
16,16,28.906692792792793,77.54252757684377,PM10,0.0
16,17,28.906692792792793,77.5938395117428,PM10,0.0
16,18,28.906692792792793,77.64515144664185,PM10,0.0
16,19,28.906692792792793,77.69646338154088,PM10,0.0
17,0,28.95173783783784,76.72153661845913,PM10,0.0
17,1,28.95173783783784,76.77284855335816,PM10,0.0
17,2,28.95173783783784,76.8241604882572,PM10,0.0
17,3,28.95173783783784,76.87547242315624,PM10,0.0
17,4,28.95173783783784,76.92678435805529,PM10,0.0
17,5,28.95173783783784,76.97809629295432,PM10,0.0
17,6,28.95173783783784,77.02940822785337,PM10,0.0
17,7,28.95173783783784,77.0807201627524,PM10,0.0
17,8,28.95173783783784,77.13203209765145,PM10,0.0
17,9,28.95173783783784,77.18334403255048,PM10,0.0
17,10,28.95173783783784,77.23465596744953,PM10,0.0
17,11,28.95173783783784,77.28596790234856,PM10,0.0
17,12,28.95173783783784,77.3372798372476,PM10,0.0
17,13,28.95173783783784,77.38859177214664,PM10,0.0
17,14,28.95173783783784,77.43990370704569,PM10,0.0
17,15,28.95173783783784,77.49121564194472,PM10,0.0
17,16,28.95173783783784,77.54252757684377,PM10,0.0
17,17,28.95173783783784,77.5938395117428,PM10,0.0
17,18,28.95173783783784,77.64515144664185,PM10,0.0
17,19,28.95173783783784,77.69646338154088,PM10,0.0
18,0,28.996782882882883,76.72153661845913,PM10,0.0
18,1,28.996782882882883,76.77284855335816,PM10,0.0
18,2,28.996782882882883,76.8241604882572,PM10,0.0
18,3,28.996782882882883,76.87547242315624,PM10,0.0
18,4,28.996782882882883,76.92678435805529,PM10,0.0
18,5,28.996782882882883,76.97809629295432,PM10,0.0
18,6,28.996782882882883,77.02940822785337,PM10,0.0
18,7,28.996782882882883,77.0807201627524,PM10,0.0
18,8,28.996782882882883,77.13203209765145,PM10,0.0
18,9,28.996782882882883,77.18334403255048,PM10,0.0
18,10,28.996782882882883,77.23465596744953,PM10,0.0
18,11,28.996782882882883,77.28596790234856,PM10,0.0
18,12,28.996782882882883,77.3372798372476,PM10,0.0
18,13,28.996782882882883,77.38859177214664,PM10,0.0
18,14,28.996782882882883,77.43990370704569,PM10,0.0
18,15,28.996782882882883,77.49121564194472,PM10,0.0
18,16,28.996782882882883,77.54252757684377,PM10,0.0
18,17,28.996782882882883,77.5938395117428,PM10,0.0
18,18,28.996782882882883,77.64515144664185,PM10,0.0
18,19,28.996782882882883,77.69646338154088,PM10,0.0
19,0,29.04182792792793,76.72153661845913,PM10,0.0
19,1,29.04182792792793,76.77284855335816,PM10,0.0
19,2,29.04182792792793,76.8241604882572,PM10,0.0
19,3,29.04182792792793,76.87547242315624,PM10,0.0
19,4,29.04182792792793,76.92678435805529,PM10,0.0
19,5,29.04182792792793,76.97809629295432,PM10,0.005787037037037037
19,6,29.04182792792793,77.02940822785337,PM10,0.0
19,7,29.04182792792793,77.0807201627524,PM10,0.0
19,8,29.04182792792793,77.13203209765145,PM10,0.0
19,9,29.04182792792793,77.18334403255048,PM10,0.0
19,10,29.04182792792793,77.23465596744953,PM10,0.0
19,11,29.04182792792793,77.28596790234856,PM10,0.0
19,12,29.04182792792793,77.3372798372476,PM10,0.0
19,13,29.04182792792793,77.38859177214664,PM10,0.0
19,14,29.04182792792793,77.43990370704569,PM10,0.0
19,15,29.04182792792793,77.49121564194472,PM10,0.0
19,16,29.04182792792793,77.54252757684377,PM10,0.0
19,17,29.04182792792793,77.5938395117428,PM10,0.0
19,18,29.04182792792793,77.64515144664185,PM10,0.0
19,19,29.04182792792793,77.69646338154088,PM10,0.0
0,0,28.185972072072072,76.72153661845913,NOx,0.0
0,1,28.185972072072072,76.77284855335816,NOx,0.0
0,2,28.185972072072072,76.8241604882572,NOx,0.0
0,3,28.185972072072072,76.87547242315624,NOx,0.0
0,4,28.185972072072072,76.92678435805529,NOx,0.0
0,5,28.185972072072072,76.97809629295432,NOx,0.0
0,6,28.185972072072072,77.02940822785337,NOx,0.0
0,7,28.185972072072072,77.0807201627524,NOx,0.0
0,8,28.185972072072072,77.13203209765145,NOx,0.0
0,9,28.185972072072072,77.18334403255048,NOx,0.0
0,10,28.185972072072072,77.23465596744953,NOx,0.0
0,11,28.185972072072072,77.28596790234856,NOx,0.0
0,12,28.185972072072072,77.3372798372476,NOx,0.0
0,13,28.185972072072072,77.38859177214664,NOx,0.0
0,14,28.185972072072072,77.43990370704569,NOx,0.0
0,15,28.185972072072072,77.49121564194472,NOx,0.0
0,16,28.185972072072072,77.54252757684377,NOx,0.0
0,17,28.185972072072072,77.5938395117428,NOx,0.0
0,18,28.185972072072072,77.64515144664185,NOx,0.0
0,19,28.185972072072072,77.69646338154088,NOx,0.0
1,0,28.23101711711712,76.72153661845913,NOx,0.0
1,1,28.23101711711712,76.77284855335816,NOx,0.0
1,2,28.23101711711712,76.8241604882572,NOx,0.0
1,3,28.23101711711712,76.87547242315624,NOx,0.0
1,4,28.23101711711712,76.92678435805529,NOx,0.0
1,5,28.23101711711712,76.97809629295432,NOx,0.0
1,6,28.23101711711712,77.02940822785337,NOx,0.0
1,7,28.23101711711712,77.0807201627524,NOx,0.0
1,8,28.23101711711712,77.13203209765145,NOx,0.0
1,9,28.23101711711712,77.18334403255048,NOx,0.0
1,10,28.23101711711712,77.23465596744953,NOx,0.0
1,11,28.23101711711712,77.28596790234856,NOx,0.0
1,12,28.23101711711712,77.3372798372476,NOx,0.0
1,13,28.23101711711712,77.38859177214664,NOx,0.0
1,14,28.23101711711712,77.43990370704569,NOx,0.0
1,15,28.23101711711712,77.49121564194472,NOx,0.0
1,16,28.23101711711712,77.54252757684377,NOx,0.0
1,17,28.23101711711712,77.5938395117428,NOx,0.0
1,18,28.23101711711712,77.64515144664185,NOx,0.0
1,19,28.23101711711712,77.69646338154088,NOx,0.0
2,0,28.276062162162162,76.72153661845913,NOx,0.0
2,1,28.276062162162162,76.77284855335816,NOx,0.0
2,2,28.276062162162162,76.8241604882572,NOx,0.0
2,3,28.276062162162162,76.87547242315624,NOx,0.0
2,4,28.276062162162162,76.92678435805529,NOx,0.0
2,5,28.276062162162162,76.97809629295432,NOx,0.0
2,6,28.276062162162162,77.02940822785337,NOx,0.0
2,7,28.276062162162162,77.0807201627524,NOx,0.0
2,8,28.276062162162162,77.13203209765145,NOx,0.0
2,9,28.276062162162162,77.18334403255048,NOx,0.0
2,10,28.276062162162162,77.23465596744953,NOx,0.0
2,11,28.276062162162162,77.28596790234856,NOx,0.0
2,12,28.276062162162162,77.3372798372476,NOx,0.0
2,13,28.276062162162162,77.38859177214664,NOx,0.0
2,14,28.276062162162162,77.43990370704569,NOx,0.0
2,15,28.276062162162162,77.49121564194472,NOx,0.0
2,16,28.276062162162162,77.54252757684377,NOx,0.0
2,17,28.276062162162162,77.5938395117428,NOx,0.0
2,18,28.276062162162162,77.64515144664185,NOx,0.0
2,19,28.276062162162162,77.69646338154088,NOx,0.0
3,0,28.32110720720721,76.72153661845913,NOx,0.0
3,1,28.32110720720721,76.77284855335816,NOx,0.0
3,2,28.32110720720721,76.8241604882572,NOx,0.0
3,3,28.32110720720721,76.87547242315624,NOx,0.0
3,4,28.32110720720721,76.92678435805529,NOx,0.0
3,5,28.32110720720721,76.97809629295432,NOx,0.0
3,6,28.32110720720721,77.02940822785337,NOx,0.0
3,7,28.32110720720721,77.0807201627524,NOx,0.0
3,8,28.32110720720721,77.13203209765145,NOx,0.0
3,9,28.32110720720721,77.18334403255048,NOx,0.0
3,10,28.32110720720721,77.23465596744953,NOx,0.0
3,11,28.32110720720721,77.28596790234856,NOx,0.0
3,12,28.32110720720721,77.3372798372476,NOx,0.0
3,13,28.32110720720721,77.38859177214664,NOx,0.0
3,14,28.32110720720721,77.43990370704569,NOx,0.0
3,15,28.32110720720721,77.49121564194472,NOx,0.0
3,16,28.32110720720721,77.54252757684377,NOx,0.0
3,17,28.32110720720721,77.5938395117428,NOx,0.0
3,18,28.32110720720721,77.64515144664185,NOx,0.0
3,19,28.32110720720721,77.69646338154088,NOx,0.0
4,0,28.366152252252252,76.72153661845913,NOx,0.0
4,1,28.366152252252252,76.77284855335816,NOx,0.0
4,2,28.366152252252252,76.8241604882572,NOx,0.0
4,3,28.366152252252252,76.87547242315624,NOx,0.0
4,4,28.366152252252252,76.92678435805529,NOx,0.0
4,5,28.366152252252252,76.97809629295432,NOx,0.0
4,6,28.366152252252252,77.02940822785337,NOx,0.0
4,7,28.366152252252252,77.0807201627524,NOx,0.0
4,8,28.366152252252252,77.13203209765145,NOx,0.0
4,9,28.366152252252252,77.18334403255048,NOx,0.0
4,10,28.366152252252252,77.23465596744953,NOx,0.0
4,11,28.366152252252252,77.28596790234856,NOx,0.0
4,12,28.366152252252252,77.3372798372476,NOx,0.0
4,13,28.366152252252252,77.38859177214664,NOx,0.0
4,14,28.366152252252252,77.43990370704569,NOx,0.0
4,15,28.366152252252252,77.49121564194472,NOx,0.0
4,16,28.366152252252252,77.54252757684377,NOx,0.0
4,17,28.366152252252252,77.5938395117428,NOx,0.0
4,18,28.366152252252252,77.64515144664185,NOx,0.0
4,19,28.366152252252252,77.69646338154088,NOx,0.0
5,0,28.4111972972973,76.72153661845913,NOx,0.0
5,1,28.4111972972973,76.77284855335816,NOx,0.0
5,2,28.4111972972973,76.8241604882572,NOx,0.0
5,3,28.4111972972973,76.87547242315624,NOx,0.0
5,4,28.4111972972973,76.92678435805529,NOx,0.0
5,5,28.4111972972973,76.97809629295432,NOx,0.0
5,6,28.4111972972973,77.02940822785337,NOx,0.0
5,7,28.4111972972973,77.0807201627524,NOx,0.0
5,8,28.4111972972973,77.13203209765145,NOx,0.0
5,9,28.4111972972973,77.18334403255048,NOx,0.0
5,10,28.4111972972973,77.23465596744953,NOx,0.0
5,11,28.4111972972973,77.28596790234856,NOx,0.0
5,12,28.4111972972973,77.3372798372476,NOx,0.0
5,13,28.4111972972973,77.38859177214664,NOx,0.0
5,14,28.4111972972973,77.43990370704569,NOx,0.0
5,15,28.4111972972973,77.49121564194472,NOx,0.0
5,16,28.4111972972973,77.54252757684377,NOx,0.0
5,17,28.4111972972973,77.5938395117428,NOx,0.0
5,18,28.4111972972973,77.64515144664185,NOx,0.0
5,19,28.4111972972973,77.69646338154088,NOx,0.0
6,0,28.456242342342343,76.72153661845913,NOx,0.0
6,1,28.456242342342343,76.77284855335816,NOx,0.0
6,2,28.456242342342343,76.8241604882572,NOx,0.0
6,3,28.456242342342343,76.87547242315624,NOx,0.0
6,4,28.456242342342343,76.92678435805529,NOx,0.0
6,5,28.456242342342343,76.97809629295432,NOx,0.0
6,6,28.456242342342343,77.02940822785337,NOx,0.0
6,7,28.456242342342343,77.0807201627524,NOx,0.0
6,8,28.456242342342343,77.13203209765145,NOx,0.0
6,9,28.456242342342343,77.18334403255048,NOx,0.0
6,10,28.456242342342343,77.23465596744953,NOx,0.0
6,11,28.456242342342343,77.28596790234856,NOx,0.0
6,12,28.456242342342343,77.3372798372476,NOx,0.0
6,13,28.456242342342343,77.38859177214664,NOx,0.0
6,14,28.456242342342343,77.43990370704569,NOx,0.0
6,15,28.456242342342343,77.49121564194472,NOx,0.0
6,16,28.456242342342343,77.54252757684377,NOx,0.0
6,17,28.456242342342343,77.5938395117428,NOx,0.0
6,18,28.456242342342343,77.64515144664185,NOx,0.0
6,19,28.456242342342343,77.69646338154088,NOx,0.0
7,0,28.50128738738739,76.72153661845913,NOx,0.0
7,1,28.50128738738739,76.77284855335816,NOx,0.0
7,2,28.50128738738739,76.8241604882572,NOx,0.0
7,3,28.50128738738739,76.87547242315624,NOx,0.0
7,4,28.50128738738739,76.92678435805529,NOx,0.0
7,5,28.50128738738739,76.97809629295432,NOx,0.0
7,6,28.50128738738739,77.02940822785337,NOx,0.0
7,7,28.50128738738739,77.0807201627524,NOx,0.0
7,8,28.50128738738739,77.13203209765145,NOx,0.0
7,9,28.50128738738739,77.18334403255048,NOx,0.0
7,10,28.50128738738739,77.23465596744953,NOx,0.0
7,11,28.50128738738739,77.28596790234856,NOx,0.006944444444444444
7,12,28.50128738738739,77.3372798372476,NOx,0.0
7,13,28.50128738738739,77.38859177214664,NOx,0.0
7,14,28.50128738738739,77.43990370704569,NOx,0.0
7,15,28.50128738738739,77.49121564194472,NOx,0.0
7,16,28.50128738738739,77.54252757684377,NOx,0.0
7,17,28.50128738738739,77.5938395117428,NOx,0.0
7,18,28.50128738738739,77.64515144664185,NOx,0.0
7,19,28.50128738738739,77.69646338154088,NOx,0.0
8,0,28.546332432432433,76.72153661845913,NOx,0.0
8,1,28.546332432432433,76.77284855335816,NOx,0.0
8,2,28.546332432432433,76.8241604882572,NOx,0.0
8,3,28.546332432432433,76.87547242315624,NOx,0.0
8,4,28.546332432432433,76.92678435805529,NOx,0.0
8,5,28.546332432432433,76.97809629295432,NOx,0.0
8,6,28.546332432432433,77.02940822785337,NOx,0.0
8,7,28.546332432432433,77.0807201627524,NOx,0.0
8,8,28.546332432432433,77.13203209765145,NOx,0.0
8,9,28.546332432432433,77.18334403255048,NOx,0.0
8,10,28.546332432432433,77.23465596744953,NOx,0.0
8,11,28.546332432432433,77.28596790234856,NOx,0.0
8,12,28.546332432432433,77.3372798372476,NOx,0.0
8,13,28.546332432432433,77.38859177214664,NOx,0.0
8,14,28.546332432432433,77.43990370704569,NOx,0.0
8,15,28.546332432432433,77.49121564194472,NOx,0.0
8,16,28.546332432432433,77.54252757684377,NOx,0.0
8,17,28.546332432432433,77.5938395117428,NOx,0.0
8,18,28.546332432432433,77.64515144664185,NOx,0.0
8,19,28.546332432432433,77.69646338154088,NOx,0.0
9,0,28.59137747747748,76.72153661845913,NOx,0.0
9,1,28.59137747747748,76.77284855335816,NOx,0.0
9,2,28.59137747747748,76.8241604882572,NOx,0.0
9,3,28.59137747747748,76.87547242315624,NOx,0.0
9,4,28.59137747747748,76.92678435805529,NOx,0.0
9,5,28.59137747747748,76.97809629295432,NOx,0.0
9,6,28.59137747747748,77.02940822785337,NOx,0.0
9,7,28.59137747747748,77.0807201627524,NOx,0.0
9,8,28.59137747747748,77.13203209765145,NOx,0.0
9,9,28.59137747747748,77.18334403255048,NOx,0.005787037037037037
9,10,28.59137747747748,77.23465596744953,NOx,0.0
9,11,28.59137747747748,77.28596790234856,NOx,0.0
9,12,28.59137747747748,77.3372798372476,NOx,0.0
9,13,28.59137747747748,77.38859177214664,NOx,0.0
9,14,28.59137747747748,77.43990370704569,NOx,0.0
9,15,28.59137747747748,77.49121564194472,NOx,0.0
9,16,28.59137747747748,77.54252757684377,NOx,0.0
9,17,28.59137747747748,77.5938395117428,NOx,0.0
9,18,28.59137747747748,77.64515144664185,NOx,0.0
9,19,28.59137747747748,77.69646338154088,NOx,0.0
10,0,28.636422522522523,76.72153661845913,NOx,0.0
10,1,28.636422522522523,76.77284855335816,NOx,0.0
10,2,28.636422522522523,76.8241604882572,NOx,0.0
10,3,28.636422522522523,76.87547242315624,NOx,0.0
10,4,28.636422522522523,76.92678435805529,NOx,0.0
10,5,28.636422522522523,76.97809629295432,NOx,0.0
10,6,28.636422522522523,77.02940822785337,NOx,0.0
10,7,28.636422522522523,77.0807201627524,NOx,0.0
10,8,28.636422522522523,77.13203209765145,NOx,0.0
10,9,28.636422522522523,77.18334403255048,NOx,0.0
10,10,28.636422522522523,77.23465596744953,NOx,0.0
10,11,28.636422522522523,77.28596790234856,NOx,0.0
10,12,28.636422522522523,77.3372798372476,NOx,0.0
10,13,28.636422522522523,77.38859177214664,NOx,0.0
10,14,28.636422522522523,77.43990370704569,NOx,0.0
10,15,28.636422522522523,77.49121564194472,NOx,0.0
10,16,28.636422522522523,77.54252757684377,NOx,0.0
10,17,28.636422522522523,77.5938395117428,NOx,0.0
10,18,28.636422522522523,77.64515144664185,NOx,0.0
10,19,28.636422522522523,77.69646338154088,NOx,0.0
11,0,28.68146756756757,76.72153661845913,NOx,0.0
11,1,28.68146756756757,76.77284855335816,NOx,0.0
11,2,28.68146756756757,76.8241604882572,NOx,0.0
11,3,28.68146756756757,76.87547242315624,NOx,0.0
11,4,28.68146756756757,76.92678435805529,NOx,0.0
11,5,28.68146756756757,76.97809629295432,NOx,0.0
11,6,28.68146756756757,77.02940822785337,NOx,0.0
11,7,28.68146756756757,77.0807201627524,NOx,0.0
11,8,28.68146756756757,77.13203209765145,NOx,0.0
11,9,28.68146756756757,77.18334403255048,NOx,0.0
11,10,28.68146756756757,77.23465596744953,NOx,0.0
11,11,28.68146756756757,77.28596790234856,NOx,0.0
11,12,28.68146756756757,77.3372798372476,NOx,0.0
11,13,28.68146756756757,77.38859177214664,NOx,0.0
11,14,28.68146756756757,77.43990370704569,NOx,0.0
11,15,28.68146756756757,77.49121564194472,NOx,0.0
11,16,28.68146756756757,77.54252757684377,NOx,0.0
11,17,28.68146756756757,77.5938395117428,NOx,0.0
11,18,28.68146756756757,77.64515144664185,NOx,0.0
11,19,28.68146756756757,77.69646338154088,NOx,0.0
12,0,28.726512612612613,76.72153661845913,NOx,0.0
12,1,28.726512612612613,76.77284855335816,NOx,0.0
12,2,28.726512612612613,76.8241604882572,NOx,0.0
12,3,28.726512612612613,76.87547242315624,NOx,0.0
12,4,28.726512612612613,76.92678435805529,NOx,0.0
12,5,28.726512612612613,76.97809629295432,NOx,0.0
12,6,28.726512612612613,77.02940822785337,NOx,0.0
12,7,28.726512612612613,77.0807201627524,NOx,0.0
12,8,28.726512612612613,77.13203209765145,NOx,0.0
12,9,28.726512612612613,77.18334403255048,NOx,0.0
12,10,28.726512612612613,77.23465596744953,NOx,0.0
12,11,28.726512612612613,77.28596790234856,NOx,0.0
12,12,28.726512612612613,77.3372798372476,NOx,0.0
12,13,28.726512612612613,77.38859177214664,NOx,0.0
12,14,28.726512612612613,77.43990370704569,NOx,0.0
12,15,28.726512612612613,77.49121564194472,NOx,0.0
12,16,28.726512612612613,77.54252757684377,NOx,0.0
12,17,28.726512612612613,77.5938395117428,NOx,0.0
12,18,28.726512612612613,77.64515144664185,NOx,0.0
12,19,28.726512612612613,77.69646338154088,NOx,0.0
13,0,28.77155765765766,76.72153661845913,NOx,0.0
13,1,28.77155765765766,76.77284855335816,NOx,0.0
13,2,28.77155765765766,76.8241604882572,NOx,0.0
13,3,28.77155765765766,76.87547242315624,NOx,0.0
13,4,28.77155765765766,76.92678435805529,NOx,0.0
13,5,28.77155765765766,76.97809629295432,NOx,0.0
13,6,28.77155765765766,77.02940822785337,NOx,0.0
13,7,28.77155765765766,77.0807201627524,NOx,0.0
13,8,28.77155765765766,77.13203209765145,NOx,0.0
13,9,28.77155765765766,77.18334403255048,NOx,0.0
13,10,28.77155765765766,77.23465596744953,NOx,0.0
13,11,28.77155765765766,77.28596790234856,NOx,0.0
13,12,28.77155765765766,77.3372798372476,NOx,0.0
13,13,28.77155765765766,77.38859177214664,NOx,0.0
13,14,28.77155765765766,77.43990370704569,NOx,0.0
13,15,28.77155765765766,77.49121564194472,NOx,0.0
13,16,28.77155765765766,77.54252757684377,NOx,0.0
13,17,28.77155765765766,77.5938395117428,NOx,0.0
13,18,28.77155765765766,77.64515144664185,NOx,0.0
13,19,28.77155765765766,77.69646338154088,NOx,0.0
14,0,28.816602702702703,76.72153661845913,NOx,0.0
14,1,28.816602702702703,76.77284855335816,NOx,0.0
14,2,28.816602702702703,76.8241604882572,NOx,0.0
14,3,28.816602702702703,76.87547242315624,NOx,0.0
14,4,28.816602702702703,76.92678435805529,NOx,0.0
14,5,28.816602702702703,76.97809629295432,NOx,0.0
14,6,28.816602702702703,77.02940822785337,NOx,0.0
14,7,28.816602702702703,77.0807201627524,NOx,0.0
14,8,28.816602702702703,77.13203209765145,NOx,0.0
14,9,28.816602702702703,77.18334403255048,NOx,0.0
14,10,28.816602702702703,77.23465596744953,NOx,0.0
14,11,28.816602702702703,77.28596790234856,NOx,0.0
14,12,28.816602702702703,77.3372798372476,NOx,0.0
14,13,28.816602702702703,77.38859177214664,NOx,0.0
14,14,28.816602702702703,77.43990370704569,NOx,0.0
14,15,28.816602702702703,77.49121564194472,NOx,0.0
14,16,28.816602702702703,77.54252757684377,NOx,0.0
14,17,28.816602702702703,77.5938395117428,NOx,0.0
14,18,28.816602702702703,77.64515144664185,NOx,0.0
14,19,28.816602702702703,77.69646338154088,NOx,0.0
15,0,28.86164774774775,76.72153661845913,NOx,0.0
15,1,28.86164774774775,76.77284855335816,NOx,0.0
15,2,28.86164774774775,76.8241604882572,NOx,0.0
15,3,28.86164774774775,76.87547242315624,NOx,0.0
15,4,28.86164774774775,76.92678435805529,NOx,0.0
15,5,28.86164774774775,76.97809629295432,NOx,0.0
15,6,28.86164774774775,77.02940822785337,NOx,0.0
15,7,28.86164774774775,77.0807201627524,NOx,0.0
15,8,28.86164774774775,77.13203209765145,NOx,0.0
15,9,28.86164774774775,77.18334403255048,NOx,0.0
15,10,28.86164774774775,77.23465596744953,NOx,0.0
15,11,28.86164774774775,77.28596790234856,NOx,0.0
15,12,28.86164774774775,77.3372798372476,NOx,0.0
15,13,28.86164774774775,77.38859177214664,NOx,0.0
15,14,28.86164774774775,77.43990370704569,NOx,0.0
15,15,28.86164774774775,77.49121564194472,NOx,0.0
15,16,28.86164774774775,77.54252757684377,NOx,0.0
15,17,28.86164774774775,77.5938395117428,NOx,0.0
15,18,28.86164774774775,77.64515144664185,NOx,0.0
15,19,28.86164774774775,77.69646338154088,NOx,0.0
16,0,28.906692792792793,76.72153661845913,NOx,0.0
16,1,28.906692792792793,76.77284855335816,NOx,0.0
16,2,28.906692792792793,76.8241604882572,NOx,0.0
16,3,28.906692792792793,76.87547242315624,NOx,0.0
16,4,28.906692792792793,76.92678435805529,NOx,0.0
16,5,28.906692792792793,76.97809629295432,NOx,0.0
16,6,28.906692792792793,77.02940822785337,NOx,0.0
16,7,28.906692792792793,77.0807201627524,NOx,0.0
16,8,28.906692792792793,77.13203209765145,NOx,0.0
16,9,28.906692792792793,77.18334403255048,NOx,0.0
16,10,28.906692792792793,77.23465596744953,NOx,0.0
16,11,28.906692792792793,77.28596790234856,NOx,0.0
16,12,28.906692792792793,77.3372798372476,NOx,0.0
16,13,28.906692792792793,77.38859177214664,NOx,0.0
16,14,28.906692792792793,77.43990370704569,NOx,0.0
16,15,28.906692792792793,77.49121564194472,NOx,0.0
16,16,28.906692792792793,77.54252757684377,NOx,0.0
16,17,28.906692792792793,77.5938395117428,NOx,0.0
16,18,28.906692792792793,77.64515144664185,NOx,0.0
16,19,28.906692792792793,77.69646338154088,NOx,0.0
17,0,28.95173783783784,76.72153661845913,NOx,0.0
17,1,28.95173783783784,76.77284855335816,NOx,0.0
17,2,28.95173783783784,76.8241604882572,NOx,0.0
17,3,28.95173783783784,76.87547242315624,NOx,0.0
17,4,28.95173783783784,76.92678435805529,NOx,0.0
17,5,28.95173783783784,76.97809629295432,NOx,0.0
17,6,28.95173783783784,77.02940822785337,NOx,0.0
17,7,28.95173783783784,77.0807201627524,NOx,0.0
17,8,28.95173783783784,77.13203209765145,NOx,0.0
17,9,28.95173783783784,77.18334403255048,NOx,0.0
17,10,28.95173783783784,77.23465596744953,NOx,0.0
17,11,28.95173783783784,77.28596790234856,NOx,0.0
17,12,28.95173783783784,77.3372798372476,NOx,0.0
17,13,28.95173783783784,77.38859177214664,NOx,0.0
17,14,28.95173783783784,77.43990370704569,NOx,0.0
17,15,28.95173783783784,77.49121564194472,NOx,0.0
17,16,28.95173783783784,77.54252757684377,NOx,0.0
17,17,28.95173783783784,77.5938395117428,NOx,0.0
17,18,28.95173783783784,77.64515144664185,NOx,0.0
17,19,28.95173783783784,77.69646338154088,NOx,0.0
18,0,28.996782882882883,76.72153661845913,NOx,0.0
18,1,28.996782882882883,76.77284855335816,NOx,0.0
18,2,28.996782882882883,76.8241604882572,NOx,0.0
18,3,28.996782882882883,76.87547242315624,NOx,0.0
18,4,28.996782882882883,76.92678435805529,NOx,0.0
18,5,28.996782882882883,76.97809629295432,NOx,0.0
18,6,28.996782882882883,77.02940822785337,NOx,0.0
18,7,28.996782882882883,77.0807201627524,NOx,0.0
18,8,28.996782882882883,77.13203209765145,NOx,0.0
18,9,28.996782882882883,77.18334403255048,NOx,0.0
18,10,28.996782882882883,77.23465596744953,NOx,0.0
18,11,28.996782882882883,77.28596790234856,NOx,0.0
18,12,28.996782882882883,77.3372798372476,NOx,0.0
18,13,28.996782882882883,77.38859177214664,NOx,0.0
18,14,28.996782882882883,77.43990370704569,NOx,0.0
18,15,28.996782882882883,77.49121564194472,NOx,0.0
18,16,28.996782882882883,77.54252757684377,NOx,0.0
18,17,28.996782882882883,77.5938395117428,NOx,0.0
18,18,28.996782882882883,77.64515144664185,NOx,0.0
18,19,28.996782882882883,77.69646338154088,NOx,0.0
19,0,29.04182792792793,76.72153661845913,NOx,0.0
19,1,29.04182792792793,76.77284855335816,NOx,0.0
19,2,29.04182792792793,76.8241604882572,NOx,0.0
19,3,29.04182792792793,76.87547242315624,NOx,0.0
19,4,29.04182792792793,76.92678435805529,NOx,0.0
19,5,29.04182792792793,76.97809629295432,NOx,0.0
19,6,29.04182792792793,77.02940822785337,NOx,0.0
19,7,29.04182792792793,77.0807201627524,NOx,0.0
19,8,29.04182792792793,77.13203209765145,NOx,0.0
19,9,29.04182792792793,77.18334403255048,NOx,0.0
19,10,29.04182792792793,77.23465596744953,NOx,0.0
19,11,29.04182792792793,77.28596790234856,NOx,0.0
19,12,29.04182792792793,77.3372798372476,NOx,0.0
19,13,29.04182792792793,77.38859177214664,NOx,0.0
19,14,29.04182792792793,77.43990370704569,NOx,0.0
19,15,29.04182792792793,77.49121564194472,NOx,0.0
19,16,29.04182792792793,77.54252757684377,NOx,0.0
19,17,29.04182792792793,77.5938395117428,NOx,0.0
19,18,29.04182792792793,77.64515144664185,NOx,0.0
19,19,29.04182792792793,77.69646338154088,NOx,0.0
0,0,28.185972072072072,76.72153661845913,CO,0.0
0,1,28.185972072072072,76.77284855335816,CO,0.0
0,2,28.185972072072072,76.8241604882572,CO,0.0
0,3,28.185972072072072,76.87547242315624,CO,0.0
0,4,28.185972072072072,76.92678435805529,CO,0.0
0,5,28.185972072072072,76.97809629295432,CO,0.0
0,6,28.185972072072072,77.02940822785337,CO,0.0
0,7,28.185972072072072,77.0807201627524,CO,0.0
0,8,28.185972072072072,77.13203209765145,CO,0.0
0,9,28.185972072072072,77.18334403255048,CO,0.0
0,10,28.185972072072072,77.23465596744953,CO,0.0
0,11,28.185972072072072,77.28596790234856,CO,0.0
0,12,28.185972072072072,77.3372798372476,CO,0.0
0,13,28.185972072072072,77.38859177214664,CO,0.0
0,14,28.185972072072072,77.43990370704569,CO,0.0
0,15,28.185972072072072,77.49121564194472,CO,0.0
0,16,28.185972072072072,77.54252757684377,CO,0.0
0,17,28.185972072072072,77.5938395117428,CO,0.0
0,18,28.185972072072072,77.64515144664185,CO,0.0
0,19,28.185972072072072,77.69646338154088,CO,0.0
1,0,28.23101711711712,76.72153661845913,CO,0.0
1,1,28.23101711711712,76.77284855335816,CO,0.0
1,2,28.23101711711712,76.8241604882572,CO,0.0
1,3,28.23101711711712,76.87547242315624,CO,0.0
1,4,28.23101711711712,76.92678435805529,CO,0.0
1,5,28.23101711711712,76.97809629295432,CO,0.0
1,6,28.23101711711712,77.02940822785337,CO,0.0
1,7,28.23101711711712,77.0807201627524,CO,0.0
1,8,28.23101711711712,77.13203209765145,CO,0.0
1,9,28.23101711711712,77.18334403255048,CO,0.0
1,10,28.23101711711712,77.23465596744953,CO,0.0
1,11,28.23101711711712,77.28596790234856,CO,0.0
1,12,28.23101711711712,77.3372798372476,CO,0.0
1,13,28.23101711711712,77.38859177214664,CO,0.0
1,14,28.23101711711712,77.43990370704569,CO,0.0
1,15,28.23101711711712,77.49121564194472,CO,0.0
1,16,28.23101711711712,77.54252757684377,CO,0.0
1,17,28.23101711711712,77.5938395117428,CO,0.0
1,18,28.23101711711712,77.64515144664185,CO,0.0
1,19,28.23101711711712,77.69646338154088,CO,0.0
2,0,28.276062162162162,76.72153661845913,CO,0.0
2,1,28.276062162162162,76.77284855335816,CO,0.0
2,2,28.276062162162162,76.8241604882572,CO,0.0
2,3,28.276062162162162,76.87547242315624,CO,0.0
2,4,28.276062162162162,76.92678435805529,CO,0.0
2,5,28.276062162162162,76.97809629295432,CO,0.0
2,6,28.276062162162162,77.02940822785337,CO,0.0
2,7,28.276062162162162,77.0807201627524,CO,0.0
2,8,28.276062162162162,77.13203209765145,CO,0.0
2,9,28.276062162162162,77.18334403255048,CO,0.0
2,10,28.276062162162162,77.23465596744953,CO,0.0
2,11,28.276062162162162,77.28596790234856,CO,0.0
2,12,28.276062162162162,77.3372798372476,CO,0.0
2,13,28.276062162162162,77.38859177214664,CO,0.0
2,14,28.276062162162162,77.43990370704569,CO,0.0
2,15,28.276062162162162,77.49121564194472,CO,0.0
2,16,28.276062162162162,77.54252757684377,CO,0.0
2,17,28.276062162162162,77.5938395117428,CO,0.0
2,18,28.276062162162162,77.64515144664185,CO,0.0
2,19,28.276062162162162,77.69646338154088,CO,0.0
3,0,28.32110720720721,76.72153661845913,CO,0.0
3,1,28.32110720720721,76.77284855335816,CO,0.0
3,2,28.32110720720721,76.8241604882572,CO,0.0
3,3,28.32110720720721,76.87547242315624,CO,0.0
3,4,28.32110720720721,76.92678435805529,CO,0.0
3,5,28.32110720720721,76.97809629295432,CO,0.0
3,6,28.32110720720721,77.02940822785337,CO,0.0
3,7,28.32110720720721,77.0807201627524,CO,0.0
3,8,28.32110720720721,77.13203209765145,CO,0.0
3,9,28.32110720720721,77.18334403255048,CO,0.0
3,10,28.32110720720721,77.23465596744953,CO,0.0
3,11,28.32110720720721,77.28596790234856,CO,0.0
3,12,28.32110720720721,77.3372798372476,CO,0.0
3,13,28.32110720720721,77.38859177214664,CO,0.0
3,14,28.32110720720721,77.43990370704569,CO,0.0
3,15,28.32110720720721,77.49121564194472,CO,0.0
3,16,28.32110720720721,77.54252757684377,CO,0.0
3,17,28.32110720720721,77.5938395117428,CO,0.0
3,18,28.32110720720721,77.64515144664185,CO,0.0
3,19,28.32110720720721,77.69646338154088,CO,0.0
4,0,28.366152252252252,76.72153661845913,CO,0.0
4,1,28.366152252252252,76.77284855335816,CO,0.0
4,2,28.366152252252252,76.8241604882572,CO,0.0
4,3,28.366152252252252,76.87547242315624,CO,0.0
4,4,28.366152252252252,76.92678435805529,CO,0.0
4,5,28.366152252252252,76.97809629295432,CO,0.0
4,6,28.366152252252252,77.02940822785337,CO,0.0
4,7,28.366152252252252,77.0807201627524,CO,0.0
4,8,28.366152252252252,77.13203209765145,CO,0.0
4,9,28.366152252252252,77.18334403255048,CO,0.0
4,10,28.366152252252252,77.23465596744953,CO,0.0
4,11,28.366152252252252,77.28596790234856,CO,0.0
4,12,28.366152252252252,77.3372798372476,CO,0.0
4,13,28.366152252252252,77.38859177214664,CO,0.0
4,14,28.366152252252252,77.43990370704569,CO,0.0
4,15,28.366152252252252,77.49121564194472,CO,0.0
4,16,28.366152252252252,77.54252757684377,CO,0.0
4,17,28.366152252252252,77.5938395117428,CO,0.0
4,18,28.366152252252252,77.64515144664185,CO,0.0
4,19,28.366152252252252,77.69646338154088,CO,0.0
5,0,28.4111972972973,76.72153661845913,CO,0.0
5,1,28.4111972972973,76.77284855335816,CO,0.0
5,2,28.4111972972973,76.8241604882572,CO,0.0
5,3,28.4111972972973,76.87547242315624,CO,0.0
5,4,28.4111972972973,76.92678435805529,CO,0.0
5,5,28.4111972972973,76.97809629295432,CO,0.0
5,6,28.4111972972973,77.02940822785337,CO,0.0
5,7,28.4111972972973,77.0807201627524,CO,0.0
5,8,28.4111972972973,77.13203209765145,CO,0.0
5,9,28.4111972972973,77.18334403255048,CO,0.0
5,10,28.4111972972973,77.23465596744953,CO,0.0
5,11,28.4111972972973,77.28596790234856,CO,0.0
5,12,28.4111972972973,77.3372798372476,CO,0.0
5,13,28.4111972972973,77.38859177214664,CO,0.0
5,14,28.4111972972973,77.43990370704569,CO,0.0
5,15,28.4111972972973,77.49121564194472,CO,0.0
5,16,28.4111972972973,77.54252757684377,CO,0.0
5,17,28.4111972972973,77.5938395117428,CO,0.0
5,18,28.4111972972973,77.64515144664185,CO,0.0
5,19,28.4111972972973,77.69646338154088,CO,0.0
6,0,28.456242342342343,76.72153661845913,CO,0.0
6,1,28.456242342342343,76.77284855335816,CO,0.0
6,2,28.456242342342343,76.8241604882572,CO,0.0
6,3,28.456242342342343,76.87547242315624,CO,0.0
6,4,28.456242342342343,76.92678435805529,CO,0.0
6,5,28.456242342342343,76.97809629295432,CO,0.0
6,6,28.456242342342343,77.02940822785337,CO,0.0
6,7,28.456242342342343,77.0807201627524,CO,0.0
6,8,28.456242342342343,77.13203209765145,CO,0.0
6,9,28.456242342342343,77.18334403255048,CO,0.0
6,10,28.456242342342343,77.23465596744953,CO,0.0
6,11,28.456242342342343,77.28596790234856,CO,0.0
6,12,28.456242342342343,77.3372798372476,CO,0.0
6,13,28.456242342342343,77.38859177214664,CO,0.0
6,14,28.456242342342343,77.43990370704569,CO,0.0
6,15,28.456242342342343,77.49121564194472,CO,0.0
6,16,28.456242342342343,77.54252757684377,CO,0.0
6,17,28.456242342342343,77.5938395117428,CO,0.0
6,18,28.456242342342343,77.64515144664185,CO,0.0
6,19,28.456242342342343,77.69646338154088,CO,0.0
7,0,28.50128738738739,76.72153661845913,CO,0.0
7,1,28.50128738738739,76.77284855335816,CO,0.0
7,2,28.50128738738739,76.8241604882572,CO,0.0
7,3,28.50128738738739,76.87547242315624,CO,0.0
7,4,28.50128738738739,76.92678435805529,CO,0.0
7,5,28.50128738738739,76.97809629295432,CO,0.0
7,6,28.50128738738739,77.02940822785337,CO,0.0
7,7,28.50128738738739,77.0807201627524,CO,0.0
7,8,28.50128738738739,77.13203209765145,CO,0.0
7,9,28.50128738738739,77.18334403255048,CO,0.0
7,10,28.50128738738739,77.23465596744953,CO,0.0
7,11,28.50128738738739,77.28596790234856,CO,0.0
7,12,28.50128738738739,77.3372798372476,CO,0.0
7,13,28.50128738738739,77.38859177214664,CO,0.0
7,14,28.50128738738739,77.43990370704569,CO,0.0
7,15,28.50128738738739,77.49121564194472,CO,0.0
7,16,28.50128738738739,77.54252757684377,CO,0.0
7,17,28.50128738738739,77.5938395117428,CO,0.0
7,18,28.50128738738739,77.64515144664185,CO,0.0
7,19,28.50128738738739,77.69646338154088,CO,0.0
8,0,28.546332432432433,76.72153661845913,CO,0.0
8,1,28.546332432432433,76.77284855335816,CO,0.0
8,2,28.546332432432433,76.8241604882572,CO,0.0
8,3,28.546332432432433,76.87547242315624,CO,0.0
8,4,28.546332432432433,76.92678435805529,CO,0.0
8,5,28.546332432432433,76.97809629295432,CO,0.0
8,6,28.546332432432433,77.02940822785337,CO,0.0
8,7,28.546332432432433,77.0807201627524,CO,0.0
8,8,28.546332432432433,77.13203209765145,CO,0.0
8,9,28.546332432432433,77.18334403255048,CO,0.0
8,10,28.546332432432433,77.23465596744953,CO,0.0
8,11,28.546332432432433,77.28596790234856,CO,0.0
8,12,28.546332432432433,77.3372798372476,CO,0.0
8,13,28.546332432432433,77.38859177214664,CO,0.0
8,14,28.546332432432433,77.43990370704569,CO,0.0
8,15,28.546332432432433,77.49121564194472,CO,0.0
8,16,28.546332432432433,77.54252757684377,CO,0.0
8,17,28.546332432432433,77.5938395117428,CO,0.0
8,18,28.546332432432433,77.64515144664185,CO,0.0
8,19,28.546332432432433,77.69646338154088,CO,0.0
9,0,28.59137747747748,76.72153661845913,CO,0.0
9,1,28.59137747747748,76.77284855335816,CO,0.0
9,2,28.59137747747748,76.8241604882572,CO,0.0
9,3,28.59137747747748,76.87547242315624,CO,0.0
9,4,28.59137747747748,76.92678435805529,CO,0.0
9,5,28.59137747747748,76.97809629295432,CO,0.0
9,6,28.59137747747748,77.02940822785337,CO,0.0
9,7,28.59137747747748,77.0807201627524,CO,0.0
9,8,28.59137747747748,77.13203209765145,CO,0.0
9,9,28.59137747747748,77.18334403255048,CO,0.0
9,10,28.59137747747748,77.23465596744953,CO,0.0
9,11,28.59137747747748,77.28596790234856,CO,0.0
9,12,28.59137747747748,77.3372798372476,CO,0.0
9,13,28.59137747747748,77.38859177214664,CO,0.0
9,14,28.59137747747748,77.43990370704569,CO,0.0
9,15,28.59137747747748,77.49121564194472,CO,0.0
9,16,28.59137747747748,77.54252757684377,CO,0.0
9,17,28.59137747747748,77.5938395117428,CO,0.0
9,18,28.59137747747748,77.64515144664185,CO,0.0
9,19,28.59137747747748,77.69646338154088,CO,0.0
10,0,28.636422522522523,76.72153661845913,CO,0.0
10,1,28.636422522522523,76.77284855335816,CO,0.0
10,2,28.636422522522523,76.8241604882572,CO,0.0
10,3,28.636422522522523,76.87547242315624,CO,0.0
10,4,28.636422522522523,76.92678435805529,CO,0.0
10,5,28.636422522522523,76.97809629295432,CO,0.0
10,6,28.636422522522523,77.02940822785337,CO,0.0
10,7,28.636422522522523,77.0807201627524,CO,0.0
10,8,28.636422522522523,77.13203209765145,CO,0.0
10,9,28.636422522522523,77.18334403255048,CO,0.0
10,10,28.636422522522523,77.23465596744953,CO,0.011574074074074073
10,11,28.636422522522523,77.28596790234856,CO,0.0
10,12,28.636422522522523,77.3372798372476,CO,0.0
10,13,28.636422522522523,77.38859177214664,CO,0.0
10,14,28.636422522522523,77.43990370704569,CO,0.0
10,15,28.636422522522523,77.49121564194472,CO,0.0
10,16,28.636422522522523,77.54252757684377,CO,0.0
10,17,28.636422522522523,77.5938395117428,CO,0.0
10,18,28.636422522522523,77.64515144664185,CO,0.0
10,19,28.636422522522523,77.69646338154088,CO,0.0
11,0,28.68146756756757,76.72153661845913,CO,0.0
11,1,28.68146756756757,76.77284855335816,CO,0.0
11,2,28.68146756756757,76.8241604882572,CO,0.0
11,3,28.68146756756757,76.87547242315624,CO,0.0
11,4,28.68146756756757,76.92678435805529,CO,0.0
11,5,28.68146756756757,76.97809629295432,CO,0.0
11,6,28.68146756756757,77.02940822785337,CO,0.0
11,7,28.68146756756757,77.0807201627524,CO,0.0
11,8,28.68146756756757,77.13203209765145,CO,0.0
11,9,28.68146756756757,77.18334403255048,CO,0.0
11,10,28.68146756756757,77.23465596744953,CO,0.0
11,11,28.68146756756757,77.28596790234856,CO,0.0
11,12,28.68146756756757,77.3372798372476,CO,0.0
11,13,28.68146756756757,77.38859177214664,CO,0.0
11,14,28.68146756756757,77.43990370704569,CO,0.0
11,15,28.68146756756757,77.49121564194472,CO,0.0
11,16,28.68146756756757,77.54252757684377,CO,0.0
11,17,28.68146756756757,77.5938395117428,CO,0.0
11,18,28.68146756756757,77.64515144664185,CO,0.0
11,19,28.68146756756757,77.69646338154088,CO,0.0
12,0,28.726512612612613,76.72153661845913,CO,0.0
12,1,28.726512612612613,76.77284855335816,CO,0.0
12,2,28.726512612612613,76.8241604882572,CO,0.0
12,3,28.726512612612613,76.87547242315624,CO,0.0
12,4,28.726512612612613,76.92678435805529,CO,0.0
12,5,28.726512612612613,76.97809629295432,CO,0.0
12,6,28.726512612612613,77.02940822785337,CO,0.0
12,7,28.726512612612613,77.0807201627524,CO,0.0
12,8,28.726512612612613,77.13203209765145,CO,0.0
12,9,28.726512612612613,77.18334403255048,CO,0.0
12,10,28.726512612612613,77.23465596744953,CO,0.0
12,11,28.726512612612613,77.28596790234856,CO,0.0
12,12,28.726512612612613,77.3372798372476,CO,0.0
12,13,28.726512612612613,77.38859177214664,CO,0.0
12,14,28.726512612612613,77.43990370704569,CO,0.0
12,15,28.726512612612613,77.49121564194472,CO,0.0
12,16,28.726512612612613,77.54252757684377,CO,0.0
12,17,28.726512612612613,77.5938395117428,CO,0.0
12,18,28.726512612612613,77.64515144664185,CO,0.0
12,19,28.726512612612613,77.69646338154088,CO,0.0
13,0,28.77155765765766,76.72153661845913,CO,0.0
13,1,28.77155765765766,76.77284855335816,CO,0.0
13,2,28.77155765765766,76.8241604882572,CO,0.0
13,3,28.77155765765766,76.87547242315624,CO,0.0
13,4,28.77155765765766,76.92678435805529,CO,0.0
13,5,28.77155765765766,76.97809629295432,CO,0.0
13,6,28.77155765765766,77.02940822785337,CO,0.0
13,7,28.77155765765766,77.0807201627524,CO,0.0
13,8,28.77155765765766,77.13203209765145,CO,0.0
13,9,28.77155765765766,77.18334403255048,CO,0.0
13,10,28.77155765765766,77.23465596744953,CO,0.0
13,11,28.77155765765766,77.28596790234856,CO,0.0
13,12,28.77155765765766,77.3372798372476,CO,0.0
13,13,28.77155765765766,77.38859177214664,CO,0.0
13,14,28.77155765765766,77.43990370704569,CO,0.0
13,15,28.77155765765766,77.49121564194472,CO,0.0
13,16,28.77155765765766,77.54252757684377,CO,0.0
13,17,28.77155765765766,77.5938395117428,CO,0.0
13,18,28.77155765765766,77.64515144664185,CO,0.0
13,19,28.77155765765766,77.69646338154088,CO,0.0
14,0,28.816602702702703,76.72153661845913,CO,0.0
14,1,28.816602702702703,76.77284855335816,CO,0.0
14,2,28.816602702702703,76.8241604882572,CO,0.0
14,3,28.816602702702703,76.87547242315624,CO,0.0
14,4,28.816602702702703,76.92678435805529,CO,0.0
14,5,28.816602702702703,76.97809629295432,CO,0.0
14,6,28.816602702702703,77.02940822785337,CO,0.0
14,7,28.816602702702703,77.0807201627524,CO,0.0
14,8,28.816602702702703,77.13203209765145,CO,0.0
14,9,28.816602702702703,77.18334403255048,CO,0.0
14,10,28.816602702702703,77.23465596744953,CO,0.0
14,11,28.816602702702703,77.28596790234856,CO,0.0
14,12,28.816602702702703,77.3372798372476,CO,0.0
14,13,28.816602702702703,77.38859177214664,CO,0.0
14,14,28.816602702702703,77.43990370704569,CO,0.0
14,15,28.816602702702703,77.49121564194472,CO,0.0
14,16,28.816602702702703,77.54252757684377,CO,0.0
14,17,28.816602702702703,77.5938395117428,CO,0.0
14,18,28.816602702702703,77.64515144664185,CO,0.0
14,19,28.816602702702703,77.69646338154088,CO,0.0
15,0,28.86164774774775,76.72153661845913,CO,0.0
15,1,28.86164774774775,76.77284855335816,CO,0.0
15,2,28.86164774774775,76.8241604882572,CO,0.0
15,3,28.86164774774775,76.87547242315624,CO,0.0
15,4,28.86164774774775,76.92678435805529,CO,0.0
15,5,28.86164774774775,76.97809629295432,CO,0.0
15,6,28.86164774774775,77.02940822785337,CO,0.0
15,7,28.86164774774775,77.0807201627524,CO,0.0
15,8,28.86164774774775,77.13203209765145,CO,0.0
15,9,28.86164774774775,77.18334403255048,CO,0.0
15,10,28.86164774774775,77.23465596744953,CO,0.0
15,11,28.86164774774775,77.28596790234856,CO,0.0
15,12,28.86164774774775,77.3372798372476,CO,0.0
15,13,28.86164774774775,77.38859177214664,CO,0.0
15,14,28.86164774774775,77.43990370704569,CO,0.0
15,15,28.86164774774775,77.49121564194472,CO,0.0
15,16,28.86164774774775,77.54252757684377,CO,0.0
15,17,28.86164774774775,77.5938395117428,CO,0.0
15,18,28.86164774774775,77.64515144664185,CO,0.0
15,19,28.86164774774775,77.69646338154088,CO,0.0
16,0,28.906692792792793,76.72153661845913,CO,0.0
16,1,28.906692792792793,76.77284855335816,CO,0.0
16,2,28.906692792792793,76.8241604882572,CO,0.0
16,3,28.906692792792793,76.87547242315624,CO,0.0
16,4,28.906692792792793,76.92678435805529,CO,0.0
16,5,28.906692792792793,76.97809629295432,CO,0.0
16,6,28.906692792792793,77.02940822785337,CO,0.0
16,7,28.906692792792793,77.0807201627524,CO,0.009259259259259259
16,8,28.906692792792793,77.13203209765145,CO,0.0
16,9,28.906692792792793,77.18334403255048,CO,0.0
16,10,28.906692792792793,77.23465596744953,CO,0.0
16,11,28.906692792792793,77.28596790234856,CO,0.0
16,12,28.906692792792793,77.3372798372476,CO,0.0
16,13,28.906692792792793,77.38859177214664,CO,0.0
16,14,28.906692792792793,77.43990370704569,CO,0.0
16,15,28.906692792792793,77.49121564194472,CO,0.0
16,16,28.906692792792793,77.54252757684377,CO,0.0
16,17,28.906692792792793,77.5938395117428,CO,0.0
16,18,28.906692792792793,77.64515144664185,CO,0.0
16,19,28.906692792792793,77.69646338154088,CO,0.0
17,0,28.95173783783784,76.72153661845913,CO,0.0
17,1,28.95173783783784,76.77284855335816,CO,0.0
17,2,28.95173783783784,76.8241604882572,CO,0.0
17,3,28.95173783783784,76.87547242315624,CO,0.0
17,4,28.95173783783784,76.92678435805529,CO,0.0
17,5,28.95173783783784,76.97809629295432,CO,0.0
17,6,28.95173783783784,77.02940822785337,CO,0.0
17,7,28.95173783783784,77.0807201627524,CO,0.0
17,8,28.95173783783784,77.13203209765145,CO,0.0
17,9,28.95173783783784,77.18334403255048,CO,0.0
17,10,28.95173783783784,77.23465596744953,CO,0.0
17,11,28.95173783783784,77.28596790234856,CO,0.0
17,12,28.95173783783784,77.3372798372476,CO,0.0
17,13,28.95173783783784,77.38859177214664,CO,0.0
17,14,28.95173783783784,77.43990370704569,CO,0.0
17,15,28.95173783783784,77.49121564194472,CO,0.0
17,16,28.95173783783784,77.54252757684377,CO,0.0
17,17,28.95173783783784,77.5938395117428,CO,0.0
17,18,28.95173783783784,77.64515144664185,CO,0.0
17,19,28.95173783783784,77.69646338154088,CO,0.0
18,0,28.996782882882883,76.72153661845913,CO,0.0
18,1,28.996782882882883,76.77284855335816,CO,0.0
18,2,28.996782882882883,76.8241604882572,CO,0.0
18,3,28.996782882882883,76.87547242315624,CO,0.0
18,4,28.996782882882883,76.92678435805529,CO,0.0
18,5,28.996782882882883,76.97809629295432,CO,0.0
18,6,28.996782882882883,77.02940822785337,CO,0.0
18,7,28.996782882882883,77.0807201627524,CO,0.0
18,8,28.996782882882883,77.13203209765145,CO,0.0
18,9,28.996782882882883,77.18334403255048,CO,0.0
18,10,28.996782882882883,77.23465596744953,CO,0.0
18,11,28.996782882882883,77.28596790234856,CO,0.0
18,12,28.996782882882883,77.3372798372476,CO,0.0
18,13,28.996782882882883,77.38859177214664,CO,0.0
18,14,28.996782882882883,77.43990370704569,CO,0.0
18,15,28.996782882882883,77.49121564194472,CO,0.0
18,16,28.996782882882883,77.54252757684377,CO,0.0
18,17,28.996782882882883,77.5938395117428,CO,0.0
18,18,28.996782882882883,77.64515144664185,CO,0.0
18,19,28.996782882882883,77.69646338154088,CO,0.0
19,0,29.04182792792793,76.72153661845913,CO,0.0
19,1,29.04182792792793,76.77284855335816,CO,0.0
19,2,29.04182792792793,76.8241604882572,CO,0.0
19,3,29.04182792792793,76.87547242315624,CO,0.0
19,4,29.04182792792793,76.92678435805529,CO,0.0
19,5,29.04182792792793,76.97809629295432,CO,0.0
19,6,29.04182792792793,77.02940822785337,CO,0.0
19,7,29.04182792792793,77.0807201627524,CO,0.0
19,8,29.04182792792793,77.13203209765145,CO,0.0
19,9,29.04182792792793,77.18334403255048,CO,0.0
19,10,29.04182792792793,77.23465596744953,CO,0.0
19,11,29.04182792792793,77.28596790234856,CO,0.0
19,12,29.04182792792793,77.3372798372476,CO,0.0
19,13,29.04182792792793,77.38859177214664,CO,0.0
19,14,29.04182792792793,77.43990370704569,CO,0.0
19,15,29.04182792792793,77.49121564194472,CO,0.0
19,16,29.04182792792793,77.54252757684377,CO,0.0
19,17,29.04182792792793,77.5938395117428,CO,0.0
19,18,29.04182792792793,77.64515144664185,CO,0.0
19,19,29.04182792792793,77.69646338154088,CO,0.0
