datetime,station,PM25,PM10,NO2,O3,CO
2026-09-26T04:16:39.269885Z,New Delhi,21.0,44.0,9.5,5.0,3.9
2026-09-26T04:16:39.269885Z,Anand Vihar,76.0,52.0,2.6,3.7,13.1
2026-09-26T04:16:39.269885Z,ITO,13.0,31.0,15.5,2.2,7.3
2026-09-26T04:16:39.269885Z,RK Puram,66.0,59.0,20.6,1.8,7.1
2026-09-26T04:16:39.269885Z,Dwarka,59.0,63.0,16.0,4.5,2.8
2026-09-26T04:16:39.269885Z,Rohini,91.0,59.0,1.5,7.4,25.3
2026-09-26T04:16:39.269885Z,Noida,21.0,37.0,6.7,5.6,8.9
2026-09-26T04:16:39.269885Z,Gurgaon,59.0,63.0,16.0,4.5,2.8
2026-09-26T04:16:39.269885Z,Jahangirpuri,68.0,63.0,8.7,2.9,16.8
2026-09-26T04:16:39.269885Z,Faridabad,13.0,18.0,2.1,6.9,1.9
