datetime,PM25,PM10,NO2,O3,CO
2026-10-15 00:00:00,162.77584809000302,250.33230154387098,51.63770340761849,33.88958251555126,1.11090389682756
2026-10-15 01:00:00,157.92134017619946,260.0713578835152,33.501045217569,39.04054916895278,1.3406489665464114
2026-10-15 02:00:00,191.83098860788658,305.49610578660736,52.693390109918546,49.06815860299034,1.3889965288236854
2026-10-15 03:00:00,204.51225579941737,303.5329689462749,50.38249075229476,54.685636662236554,1.449965694034422
2026-10-15 04:00:00,189.5891840885832,318.7252947536283,59.6770722589372,55.30907342985007,1.6196385691179487
2026-10-15 05:00:00,208.39454945616723,341.9276722451925,66.60169010310656,58.53975881553425,1.5344177154443397
2026-10-15 06:00:00,195.63224994452753,316.96974647363294,57.97860067399008,58.80275110825949,1.5810037781025343
2026-10-15 07:00:00,193.4522925410485,329.9001078303624,54.947439134191484,63.24413609453839,1.7467312673043447
2026-10-15 08:00:00,185.33752043788152,287.7324964934583,47.965196471445175,54.83373606784223,1.5710938029542447
2026-10-15 09:00:00,200.60607547609794,333.75450871181636,56.22596155073702,54.01917722167013,1.516910907337372
2026-10-15 10:00:00,173.8458412719777,293.0300682229394,46.88286218245734,45.37535589264658,1.3537294481336077
2026-10-15 11:00:00,179.0549839372454,294.42000893730517,39.337997738905116,42.4006067132207,1.3537293303004903
2026-10-15 12:00:00,162.75635572787266,258.7551732215778,39.200130906536124,32.766709346252824,1.0410533851123458
2026-10-15 13:00:00,158.1283659443431,230.3461167216272,39.70445344532917,37.02024439853072,1.1474355970396222
2026-10-15 14:00:00,136.80333422891587,230.45215082798197,38.19008974941864,36.977829912144195,1.0813743159306592
2026-10-15 15:00:00,143.04673667979134,208.6109497466371,34.182642997605804,40.645799729458616,0.8900677694674628
2026-10-15 16:00:00,131.59009131921573,195.06759904123132,20.904349496981002,29.67106535083886,0.7990634020214281
2026-10-15 17:00:00,122.44007948358325,204.90916558111863,32.45858531214628,31.45923404223957,0.8459218034607973
2026-10-15 18:00:00,121.00437084328425,204.35265369500362,30.463492951718507,31.201793660313598,0.8958468807823271
2026-10-15 19:00:00,133.81291089970512,208.2086324906936,25.797466090117982,38.0285826888121,0.8403462984269786
2026-10-15 20:00:00,137.31512879755985,243.02781940712416,33.33349734355972,33.892065999455106,0.8553941797323085
2026-10-15 21:00:00,131.59208859776746,224.32972840768497,39.931065032118305,38.27667642039922,1.0312042551903877
2026-10-15 22:00:00,122.43120762565829,257.9322956029338,44.1397645021854,40.08119728877288,1.0336724416266656
2026-10-15 23:00:00,148.77005422648807,246.45957877392019,41.600895022689144,39.44859684617783,1.2610717536052178
2026-10-16 00:00:00,158.10637109557882,245.4549998583651,51.43533593903009,39.618827455297975,1.3107236019538053
2026-10-16 01:00:00,177.1963408613059,290.81664302925367,56.28415547367774,44.829676649412285,1.379452346179656
2026-10-16 02:00:00,186.49537658230417,286.2735408587339,42.10256229842561,56.04195296612181,1.5194214625488358
2026-10-16 03:00:00,202.48008045253192,304.57321497667164,52.76680934041952,56.46392497803569,1.3511848399320618
2026-10-16 04:00:00,199.73877640083265,324.10127301113,54.74725209828739,57.96554310693118,1.640275486881767
2026-10-16 05:00:00,197.38058015997225,306.7077154975015,63.552279066113854,51.79520481874591,1.5851452865401239
2026-10-16 06:00:00,199.1141794895327,296.79887068468946,66.93682271934979,57.836848470710834,1.7526032375256082
2026-10-16 07:00:00,203.60621328282664,316.35039255935646,66.41567992789525,54.81661113651553,1.4659715814989667
2026-10-16 08:00:00,186.3061705617188,307.35352534487663,56.08953143574069,52.19541906336068,1.5917745425949863
2026-10-16 09:00:00,196.51872727376858,309.7892558425075,53.12355023088916,48.43965718699936,1.2998349181464663
2026-10-16 10:00:00,177.4562207436534,272.279800851774,41.70407422643143,46.96060348683932,1.3898726537946833
2026-10-16 11:00:00,160.78594791064234,274.1085138762668,46.775087510872694,39.46516698980987,1.451605239846304
2026-10-16 12:00:00,147.51285669189468,248.5283557971468,45.696359466472785,30.866680666627843,1.1746170831601606
2026-10-16 13:00:00,148.76828644162157,220.5725735070631,35.97906778871631,31.987007141322607,1.2270375082247904
2026-10-16 14:00:00,136.64402329504358,244.99501076899054,38.83356509488751,32.11874730503542,0.9428388978611756
2026-10-16 15:00:00,120.13774751099822,232.30950340503205,31.509149056543222,30.117675644226605,0.7785853778294904
2026-10-16 16:00:00,136.74240058600466,181.26178414020487,31.65698203036929,40.19034455014129,0.8471950394424559
2026-10-16 17:00:00,97.39212003355915,213.4887610904712,41.3057619686755,37.23206319887131,0.9119540506998408
2026-10-16 18:00:00,122.2472787331233,202.97564534016172,27.342086357946553,27.17433149786239,0.7798477108103515
2026-10-16 19:00:00,126.80578562421681,201.64162597380863,30.202106620551994,37.160147354433875,0.8261761001710785
2026-10-16 20:00:00,137.67986375629397,202.57708060119018,40.017990500973745,38.05731582897768,0.9395850067297353
2026-10-16 21:00:00,144.166443515945,224.74003029579993,37.73447625487592,33.427400649819674,0.972390286365195
2026-10-16 22:00:00,163.6387185648564,253.60732315622363,39.768857939302386,30.73925732104776,0.9909389724953903
2026-10-16 23:00:00,151.90650332131173,270.4890056564351,35.99695048196683,39.047398744034936,1.119562684285818
2026-10-17 00:00:00,170.76829640716247,260.1398013504215,50.31640488118795,36.86560598948946,1.43474404925432
2026-10-17 01:00:00,175.6176723746928,280.5123447502204,50.335610676574326,49.961113970089976,1.392297089621841
2026-10-17 02:00:00,180.05451700896757,305.73891527763266,56.93668145290356,51.02810767126727,1.2898619413602352
2026-10-17 03:00:00,184.0045862711384,332.9295903664267,61.08107671741715,56.91044976730997,1.6001539545064518
2026-10-17 04:00:00,196.63005557040987,332.27042695209775,60.352788199339614,58.339442651632076,1.5906000455953648
2026-10-17 05:00:00,196.115701441677,297.45913787345404,57.11533215615475,61.06771869819904,1.4735461465960356
2026-10-17 06:00:00,195.97660713036976,338.87827986909525,67.17180756427398,47.31278752431477,1.4613476594209045
2026-10-17 07:00:00,189.5814332548712,314.5162946718119,58.02189607069835,58.88587367441938,1.4551189225182368
2026-10-17 08:00:00,184.26113232745269,312.1734908969272,54.78714446054032,50.85523837540755,1.493676335368895
2026-10-17 09:00:00,167.7486349070942,295.719963666584,56.855326705233104,45.16252485940928,1.2857795838194404
2026-10-17 10:00:00,170.20002680037382,282.07490635412915,45.472871065952866,39.8090138680725,1.3216322398377216
2026-10-17 11:00:00,161.98714765736926,281.58148795043445,49.05772911908753,36.72073499146295,1.11187146033806
2026-10-17 12:00:00,145.87904652148873,247.8111531003236,36.08791857129351,36.36547145085128,1.0226794411354154
2026-10-17 13:00:00,128.10793853156986,244.2412133179265,34.3814418214794,36.46452699838786,0.9652699980430934
2026-10-17 14:00:00,122.2899983237518,224.76319905711642,32.77083323258187,34.43314986708251,0.8854309184707292
2026-10-17 15:00:00,137.78887059886324,206.21861029144392,38.79108694999952,37.160249126366665,0.8488220317110021
2026-10-17 16:00:00,123.62003559636199,198.7750936158183,27.81782576257626,39.50418856884488,0.8888591305013128
2026-10-17 17:00:00,109.46741573904592,237.47697497906435,29.681942453713944,33.91803070728944,0.9058165143975951
2026-10-17 18:00:00,101.74260393890569,200.70247101361335,40.29977133319319,35.638034694451164,0.9001716614538463
2026-10-17 19:00:00,139.16714431846208,211.74613467948762,40.692092365372105,29.98838290971089,0.8678010969583748
2026-10-17 20:00:00,123.17720124421311,214.32280710616834,29.72957657373775,30.59017993651613,0.9252205277514362
2026-10-17 21:00:00,153.36286023211778,228.18209123158292,40.05836780512968,33.82053315326238,1.0286976550457125
2026-10-17 22:00:00,147.27108728685934,243.4816522979327,36.1754637904631,40.430441998978765,1.088753912100932
2026-10-17 23:00:00,160.29487182919135,265.29162017663555,42.179663615648096,31.50608418319599,1.0856166863331933
