variable,control_mean,feedback_mean,mean_difference,absolute_mean_difference,minimum_difference,maximum_difference
CO,1.2326441414375269,1.2377065433639083,0.005062401926381456,0.005062401926381456,0.0,0.078180825996218
NO2,0.030459742085327327,0.030649582157566628,0.00018984007223930458,0.00018984007223930458,0.0,0.0029317809748581752
O3,0.038731868256094544,0.038478748159775464,-0.0002531200963190728,0.0002531200963190728,-0.0039090412998109,0.0
PBLH,640.0200284668242,630.528024854859,-9.49200361196523,9.49200361196523,-146.58904874290874,0.0
PM25,146.81506668009584,148.31796725199035,1.5029005718944946,1.5029005718944946,0.0,23.209932717627225
SWDOWN,228.96318036854544,224.53357868296172,-4.4296016855837745,4.4296016855837745,-68.40822274669074,0.0
T2,295.00041288571526,294.9244768568196,-0.07593602889572168,0.07593602889572168,-1.1727123899432854,0.0
U10,3.4959547465808227,3.483298741764869,-0.01265600481595364,0.01265600481595364,-0.1954520649905449,0.0
V10,2.0032425120706643,1.9969145096626875,-0.00632800240797682,0.00632800240797682,-0.09772603249527245,0.0
