time,temperature,u_wind,v_wind,pbl_height,radiation,temperature_K,temperature_C,wind_speed,wind_direction
2026-10-15 00:00:00,283.29057738491343,2.579843257947657,1.7956011361122475,152.55033084965035,3.6728731340134058,283.29057738491343,10.140577384913456,3.1432108862730757,235.16163093308757
2026-10-15 01:00:00,281.99238813827736,2.058185260553091,2.060314102242229,157.60432260771051,18.381836767951224,281.99238813827736,8.842388138277386,2.9122192167926158,224.97038396211062
2026-10-15 02:00:00,281.77654838876754,2.2681538892492856,2.1885197957949787,143.43897425802933,0.0,281.77654838876754,8.62654838876756,3.1518472301022387,226.02368095081036
2026-10-15 03:00:00,282.23172840409586,2.6204215071917853,2.142885472760459,149.1818515865293,0.0,282.23172840409586,9.081728404095884,3.3850505202612684,230.7249477040323
2026-10-15 04:00:00,282.8569317447765,2.334744852631485,1.9034632269634726,150.25734619301974,0.0,282.8569317447765,9.706931744776512,3.0123422420587294,230.81043881873592
2026-10-15 05:00:00,284.2504220482067,2.486192062495985,2.125313027049794,145.29786957268163,0.0,284.2504220482067,11.100422048206724,3.270795994030444,229.4746326983585
2026-10-15 06:00:00,286.0194161173638,2.7712746831402235,1.689370637658245,785.6169327119386,7.9994190194205,286.0194161173638,12.869416117363812,3.245602643700515,238.6334910264422
2026-10-15 07:00:00,288.1250048861583,2.4158136069154406,1.7662722369758441,955.2276991232775,165.01022548739866,288.1250048861583,14.975004886158331,2.9926364627982203,233.82836634061914
2026-10-15 08:00:00,289.85575192826997,2.1981946252615887,1.8904440635359536,1095.1510862797204,339.4631758085364,289.85575192826997,16.70575192826999,2.8992823884346395,229.30451861798937
2026-10-15 09:00:00,292.139116039054,2.3683637792089987,1.6142186629583894,1235.4713899721012,484.2967176147914,292.139116039054,18.98911603905401,2.8661557673148716,235.72261718055108
2026-10-15 10:00:00,293.9301485113349,2.122611066365595,2.1346997012452005,1327.8567901936176,615.7208585688428,293.9301485113349,20.780148511334914,3.010385449332699,224.8373090584655
2026-10-15 11:00:00,295.6061839092286,2.11256698071227,1.877336874285055,1379.1196265333765,693.2542121281671,295.6061839092286,22.456183909228628,2.826187005055776,228.37404353873302
2026-10-15 12:00:00,296.9746346921912,2.4247991924348264,1.4625614500638264,1404.6346103344092,698.9555078146253,296.9746346921912,23.82463469219124,2.831737473503748,238.90296156414365
2026-10-15 13:00:00,297.91551651417836,2.4781948048343683,1.8290323394492232,1393.8266896521611,674.4598611704477,297.91551651417836,24.765516514178387,3.0800663612102825,233.5708098545519
2026-10-15 14:00:00,297.7249503157029,2.6456674224291805,1.654807760303849,1311.9419319557169,606.9183042802389,297.7249503157029,24.57495031570295,3.120568030609957,237.97491127916481
2026-10-15 15:00:00,297.73513026643855,2.250272097120993,2.128755947587638,1232.6931769042762,506.59352985666527,297.73513026643855,24.58513026643857,3.0976323854633,226.5895253852989
2026-10-15 16:00:00,296.8848777257854,2.827128624176481,2.113189387442309,1103.922013785112,340.7264686580942,296.8848777257854,23.734877725785395,3.529621175825644,233.2230461974965
2026-10-15 17:00:00,295.7362006511278,2.439539380392737,2.0567233929583875,965.9892108839621,183.55702139911256,295.7362006511278,22.586200651127797,3.190840563805914,229.86647951299565
2026-10-15 18:00:00,294.14134915274997,2.492561896877298,1.6924021467417458,802.7079902945591,9.751976297824383,294.14134915274997,20.99134915274999,3.0128209100543337,235.82424082845665
2026-10-15 19:00:00,292.3191169347752,2.672758197351132,1.9613741422513011,149.94287303811578,5.010941699398453,292.3191169347752,19.169116934775218,3.3152111406967277,233.7273271074659
2026-10-15 20:00:00,289.9569023561747,2.7203584853055656,1.9938577387372658,151.94487647617873,1.895816165987434,289.9569023561747,16.806902356174703,3.37280580094622,233.76084493850576
2026-10-15 21:00:00,287.80121194797505,2.9280363147000563,1.6854708069889968,148.0377531558485,10.010460925671412,287.80121194797505,14.65121194797507,3.378492045486333,240.07390083122255
2026-10-15 22:00:00,286.00945580343773,2.161490073378019,1.641664566584132,167.4303079986333,0.0,286.00945580343773,12.859455803437754,2.714240572699771,232.78311343900242
2026-10-15 23:00:00,284.82298543214097,2.056068942769861,1.8093110135668518,152.7899864904399,6.7787531953090765,284.82298543214097,11.67298543214099,2.7388000732505255,228.65268852739032
2026-10-16 00:00:00,282.94045635848875,2.918834301242546,1.9919473773518297,153.12758607427864,0.0,282.94045635848875,9.790456358488768,3.5337583437819986,235.68856649099925
2026-10-16 01:00:00,282.2125846856859,2.297909752646955,1.7471173391550918,154.29350931257767,0.0,282.2125846856859,9.06258468568592,2.886660393618612,232.754010535547
2026-10-16 02:00:00,282.0404195449369,2.2102762328877157,1.9329604502377695,139.55167749177102,5.112025995249807,282.0404195449369,8.890419544936947,2.936265847611846,228.82921893471504
2026-10-16 03:00:00,282.27426544254854,2.6447631987806837,1.9429817885789906,148.32579131698552,13.736585451629576,282.27426544254854,9.124265442548563,3.2817602911203383,233.69704409650723
2026-10-16 04:00:00,283.18300688707495,2.477622044907334,2.2679508874030287,152.3084310576968,0.0,283.18300688707495,10.033006887074976,3.3589004488199685,227.52982405372387
2026-10-16 05:00:00,284.01355876971525,2.6102151964033093,1.8984774550779773,146.81139671067262,9.528745472029389,284.01355876971525,10.863558769715269,3.2276059268402206,233.9706291872874
2026-10-16 06:00:00,286.0182248709823,2.254354226489994,1.9938969161243476,794.2993617047232,16.122782579886454,286.0182248709823,12.868224870982317,3.009607597449123,228.50837282835963
2026-10-16 07:00:00,288.00478171844713,2.5593015706180795,1.4689679306084178,951.6562862170035,194.32247610760498,288.00478171844713,14.854781718447157,2.9509136399637566,240.14537454094517
2026-10-16 08:00:00,289.9878395705063,2.30496445404848,1.827439637143866,1092.5176884330283,366.3996452937139,289.9878395705063,16.837839570506333,2.941495667484743,231.59164504882526
2026-10-16 09:00:00,292.1713692547325,2.4898053992493367,2.2076430690818425,1225.8033846586861,502.3960217413022,292.1713692547325,19.02136925473252,3.3275845363561007,228.43746381670795
2026-10-16 10:00:00,294.26980548203284,2.4057198005085554,1.617813385062266,1316.6042088491588,606.972119038123,294.26980548203284,21.11980548203286,2.899104673419977,236.07971236803397
2026-10-16 11:00:00,295.79868941267773,2.2077575142857975,1.7040097087029324,1385.1638499888932,660.128420283376,295.79868941267773,22.648689412677754,2.788878328152603,232.33802428781854
2026-10-16 12:00:00,296.93644413657296,2.8270912068480842,1.593287676738803,1406.1799402217612,697.5393751187005,296.93644413657296,23.78644413657298,3.245151816585087,240.59532926513492
2026-10-16 13:00:00,297.6315561280545,2.852743517196914,1.9727607182384377,1378.6835258036301,667.7156124491859,297.6315561280545,24.481556128054535,3.468419009625806,235.3349382936828
2026-10-16 14:00:00,297.77902795023533,2.3085086749004544,1.5951251910617046,1324.021757217635,627.9272098240853,297.77902795023533,24.629027950235354,2.8060001206789518,235.3564391623206
2026-10-16 15:00:00,297.74628703139706,2.717816747899368,1.955523063649894,1236.6027567589247,493.21588870625993,297.74628703139706,24.596287031397083,3.348223159771308,234.26423548889517
2026-10-16 16:00:00,297.0931099803784,2.5537982612815893,1.8493684278125053,1103.079463796742,351.2320480678448,297.0931099803784,23.943109980378438,3.1531015113875682,234.08930204372848
2026-10-16 17:00:00,295.9124881746375,2.3647703451059434,2.2102623832480712,950.7147238045286,186.68818533216938,295.9124881746375,22.762488174637497,3.2368809968693513,226.93425737446395
2026-10-16 18:00:00,293.8347642508304,2.660193704500405,1.4535483519021593,809.0534511147812,0.43602446372462295,293.8347642508304,20.684764250830426,3.031407817628811,241.34750060589874
2026-10-16 19:00:00,292.2408126691173,3.0296171557888467,1.8375125550303173,150.45714284509475,16.95051040430753,292.2408126691173,19.090812669117327,3.543308129494829,238.76250060107355
2026-10-16 20:00:00,289.8984650251139,2.2344904997895805,1.6171598256685984,152.12593251457076,0.0,289.8984650251139,16.748465025113944,2.7582881820807597,234.10574689367655
2026-10-16 21:00:00,287.8948987459092,2.5280823549217257,2.173018813022644,158.59436006226744,1.9460745523724272,287.8948987459092,14.744898745909211,3.3336483250362385,229.31922022553752
2026-10-16 22:00:00,286.3369219094199,2.710599808957462,1.6383591284668948,150.59449332377508,0.0,286.3369219094199,13.186921909419937,3.167265691120818,238.85011050205264
2026-10-16 23:00:00,284.2755846820349,2.6048519327366124,1.863244787867874,153.54419662715648,0.0,284.2755846820349,11.125584682034912,3.2026449586238037,234.42394397036006
